date,pdvmily,rgdppc,govpc,tbill,totdefgdp,feddebtgdp,tfp_adj
1890-01-01,0.0,-5.37750258972354,-8.48982530958931,4.24727269431433,0.84163437946921,8.12203891499062,1.0
1890-04-01,0.10079928989521102,-5.36732109127452,-8.36195503330335,4.03843452284477,0.744001094721403,7.81432537374402,1.00073143836962
1890-07-01,0.0,-5.35714368813511,-8.25474204043002,4.39725263893484,0.411837104703244,7.33038927365828,1.01998779044655
1890-10-01,0.0,-5.33910166133388,-8.25461760056396,5.45249811143806,0.412198880562901,6.976309482697669,1.03877325650621
1891-01-01,0.0,-5.34593518977559,-8.30485556372004,4.30607037437881,0.359541126954305,6.808374062859531,1.03587301809695
1891-04-01,0.0,-5.3409568963756,-8.17365879440916,4.2708051516221905,-0.173762984294181,6.55497518777224,1.02321902151191
1891-07-01,0.0,-5.28013130185872,-8.45232413898104,4.61488847079429,0.39132765835904904,6.14781113091872,1.02891881764086
1891-10-01,0.0,-5.27758955685476,-8.31233993480725,4.126654149916511,0.128044361852822,6.0416572613512205,1.00353713221276
1892-01-01,0.0,-5.29050265187722,-8.27526654111587,3.0554576357382497,0.12844121068950298,6.11365449206985,0.959629195262813
1892-04-01,0.0,-5.31643767237943,-8.19937757938816,2.39282351709933,-0.12436049652276701,6.29039021829567,0.925566016031928
1892-07-01,0.0,-5.32838158770935,-8.32169352022826,3.14665253362873,0.212027156925238,6.13867125992414,0.918844642103168
1892-10-01,0.0,-5.31850825941842,-8.30892001942577,4.22374573164159,0.192800949099901,5.90731081730316,0.944827262986549
1893-01-01,0.0,-5.3067540690478,-8.23401353941243,4.538212521621951,0.0054628124109894795,5.66223106612669,1.00855025911707
1893-04-01,0.0,-5.31534404806198,-8.23780469359679,5.72543265294794,-0.021265807631214603,5.89278741151986,1.04953040945365
1893-07-01,0.0,-5.40862409202681,-8.26978952188216,8.32243338118327,-0.29605057357313,6.77879525216605,1.02599084260573
1893-10-01,0.0,-5.45609147823617,-8.28457350945462,3.67919551470711,-0.291777016928598,7.09450569599996,1.03023507060219
1894-01-01,0.0,-5.46840141587569,-8.25355758645343,2.46057968740346,-0.38303175000970796,7.4554613875412,1.05277525525727
1894-04-01,0.0,-5.47826515928948,-8.20867041574746,2.20428729993084,-0.334608261691779,7.7158772783475,1.0625981376922
1894-07-01,0.0,-5.44464194382708,-8.21830458747408,2.32507747826294,0.208017796772105,7.40784163292538,1.05549642966351
1894-10-01,0.0,-5.39640360044286,-8.22622619272498,2.05401786205372,-0.493189315513788,7.284307353284481,1.0689198926786
1895-01-01,0.0,-5.36629951912457,-8.1851930838954,2.70207538767668,-0.08342546707637,7.40220148804339,1.056008777071
1895-04-01,0.0,-5.33979540961861,-8.20681481781459,2.3279093208979402,-0.0927648955325548,7.098857252218591,1.04712068211676
1895-07-01,0.0,-5.2999999314508,-8.20435718610864,2.64608960567586,0.0392213563661554,7.0314967579330006,1.05472900035558
1895-10-01,0.0,-5.2787682985306,-8.21241299508983,3.5941112298500797,0.0492764258585291,7.063613462335459,1.05806008671635
1896-01-01,0.0,-5.32329483636499,-8.21529311434568,4.58545043614975,0.00474048666527818,7.562115285157919,1.05179760613825
1896-04-01,0.0,-5.33903722076304,-8.23069532646489,3.70884766067677,-0.12191504063817199,7.8830325492424995,1.04230360213059
1896-07-01,0.0,-5.36224500503191,-8.14377114147088,5.79862126674481,-0.334448827313599,8.20607317868051,1.03143866678389
1896-10-01,0.0,-5.3839117604196,-8.16784877232636,4.7019053796847805,-0.23103421168027302,8.10935417815314,1.02487631911997
1897-01-01,0.0,-5.340848146637,-8.13379293442963,2.4105058578956,-0.0180036152891583,7.9177295165242105,1.06407150743761
1897-04-01,0.0,-5.33085450003064,-8.12872944846526,2.56956371209773,0.463337820910153,7.93415136142734,1.08086300549935
1897-07-01,0.0,-5.29654724487066,-8.1063846101398,2.87583260140151,-0.382035934719049,7.4162523648096,1.0866722136335
1897-10-01,0.0,-5.28648437484931,-8.17308391663681,2.8080850287735397,0.8271075102290649,7.16456275205035,1.10248181438281
1898-01-01,0.0,-5.28936006110765,-8.21380273884742,2.81680866930583,0.0700105913902895,7.132983007214371,1.10802232912269
1898-04-01,1.0927004791781598,-5.30317194886668,-7.91329776548129,3.58791179889838,-0.9961302393882279,7.24570192649203,1.09723583933309
1898-07-01,-0.279566328668361,-5.31248595664388,-7.82507545997692,2.931791080431,-0.856083743820542,7.85076234105481,1.0787989591548
1898-10-01,0.0,-5.30250821470261,-7.92987148153917,2.4399626148397298,-0.462931782912548,8.19447148749734,1.06264141062723
1899-01-01,0.581121622689616,-5.23848161874085,-7.87621680005034,2.46053296964091,-0.0613263089170435,7.8913246937784605,1.07334998948142
1899-04-01,0.0,-5.23503628976765,-7.87100205270219,2.69326808020116,-0.12383444151288299,7.91970771596205,1.05490926740977
1899-07-01,0.0,-5.21543751969423,-7.9936931869783,3.38508778882974,0.22530721236922702,7.473896320077101,1.08092740051491
1899-10-01,0.0,-5.20621174317602,-7.99607484267739,4.426663938114849,0.200310921991276,6.93873381613051,1.0860486916728
1900-01-01,0.44828246771033003,-5.219513415949,-8.05989088080716,3.7559701229510702,0.499414552073108,6.67994742296406,1.08648674808102
1900-04-01,0.0,-5.21724114614577,-7.97619265454788,2.99656138745601,0.337108754067438,6.49972730007722,1.08831498620731
1900-07-01,0.0,-5.22177574067846,-7.88694177892384,3.2703731201634096,0.18901725667025102,6.39392237804112,1.07702535439099
1900-10-01,0.0,-5.22350686709184,-7.87728958036468,3.75302325048493,0.32621854756168,6.329423291981261,1.05887500292064
1901-01-01,0.0,-5.1620330137451,-7.90190298429942,2.94946623644458,0.423295987967309,5.873472543819029,1.05002137723665
1901-04-01,0.0,-5.12229751290891,-7.91307176843231,3.07019074581041,0.559011937062966,5.629168706748191,1.06464663520368
1901-07-01,0.0,-5.12047665644961,-8.01070649742338,3.61766009909952,0.449971943374599,5.47895473976711,1.06771931638797
1901-10-01,1.73869251636657,-5.11846420314471,-7.97953813710786,3.78540831831436,0.385430620214887,5.33130502210377,1.08351858389255
1902-01-01,0.0,-5.14760932867497,-7.93446108317201,3.3527846512602704,0.29805996557202197,5.50883313953996,1.09261663444146
1902-04-01,0.0,-5.14944915982626,-7.94798663720041,3.5323375688229,0.480284650080787,5.38334091295087,1.10331122764402
1902-07-01,0.0,-5.13079684140465,-7.87056590977907,4.00895830597498,0.313439301397405,5.21825243626017,1.11150346794042
1902-10-01,0.0,-5.1308338484763,-7.89375763435814,4.77953746547437,0.266891964466819,4.94609597310697,1.11459648793401
1903-01-01,0.0,-5.09509168226661,-7.81614864692438,4.1560687542661,0.164343648064255,4.70381822049736,1.10387174365237
1903-04-01,0.0,-5.07616366768634,-7.82862305108348,4.0031203993110696,0.269317682733143,4.68747634405171,1.09630365221247
1903-07-01,0.0,-5.08086980939264,-7.80388869605967,4.688377601477249,0.237527563225437,4.66498557265962,1.08798675961945
1903-10-01,0.0,-5.12813345399101,-7.83981506467877,4.77072001676284,0.11510242856504901,4.8623317867882,1.06651726903836
1904-01-01,1.88586495794213,-5.15468499391218,-7.87450322248543,3.79423835396931,0.05502933069271349,4.80928721205212,1.07104414785832
1904-04-01,0.0,-5.17270527593407,-7.8997452508954,2.98479506935663,-0.78047533059542,4.95056048943355,1.07829754022113
1904-07-01,0.0,-5.18025378445274,-7.86799112735524,3.02304993382824,-0.08112309175394619,4.928091664769299,1.08037655422523
1904-10-01,0.0,-5.1534514527736,-7.89506394667204,3.3439643189390598,0.014288756320151601,4.6895776182915805,1.09253450195472
1905-01-01,0.0,-5.13283167590355,-7.84944560966779,3.02602617679446,0.0350422833488569,4.58461226602909,1.1113323117152
1905-04-01,0.0,-5.1044083476473,-7.81627331465058,3.01719074453074,-0.0038059795463451897,4.49867179661879,1.12328123058377
1905-07-01,0.0,-5.08061801184127,-7.74789164982768,3.4116440725275,0.0416112173751868,4.37470344991984,1.12110569007023
1905-10-01,0.0,-5.03715066776936,-7.76055099149022,4.3825341455916895,0.115496265985843,4.12937451769909,1.12061753447237
1906-01-01,0.0,-4.99497015309524,-7.79199964468112,4.09432399757758,0.226403793978749,3.9001092267944397,1.10866334707401
1906-04-01,0.0,-4.98589956690979,-7.82500756201781,4.28551936353995,0.21389482779355,3.81644204954242,1.08878345178756
1906-07-01,0.0,-4.97321281401303,-7.77147390652723,4.86473225545624,0.23618711204304102,3.76438469501845,1.08427515326665
1906-10-01,0.0,-4.95721377015762,-7.75472847494551,5.10583535189317,0.305827231820862,3.5693906372536297,1.09478217414411
1907-01-01,0.0,-4.96994960455937,-7.75239079393473,4.9500446854055,0.377976715538318,3.5760113500791597,1.10152495926989
1907-04-01,0.0,-4.98294151533663,-7.70674591709747,4.53253967837043,0.363017139490793,3.58334216204831,1.12024826490337
1907-07-01,0.0,-5.01450786108824,-7.64568404049614,5.10871398788587,0.1453679510388,3.66254149331015,1.14163504640968
1907-10-01,0.0,-5.09600150021799,-7.66807725566369,6.09883852226756,0.0608541442924644,4.02764997698124,1.12430000096769
1908-01-01,0.0,-5.18455367701927,-7.51611034943954,4.63830544516869,-0.25911922091926,4.53409966872446,1.10620130407055
1908-04-01,0.0,-5.1987639674379,-7.54515274563594,3.1172594630173402,-0.459179032181247,4.558955652380369,1.1197862296443
1908-07-01,0.0,-5.17988439797268,-7.64781887313838,2.89352111190965,-0.192000115193505,4.4273811994236,1.11092023011815
1908-10-01,0.0,-5.13957557670983,-7.62280977242776,3.08785296306798,-0.278413064511838,4.216450746347291,1.11745971169682
1909-01-01,0.0,-5.0804274875339,-7.62160217190701,2.73744930002566,-0.227914484704885,3.98074164664081,1.11854588115856
1909-04-01,0.0,-5.04698000438622,-7.69043114487423,2.57251757588832,-0.154217753933264,3.76871016643809,1.11398367410119
1909-07-01,0.0,-5.0229291209732,-7.71258558766,2.98771138402252,-0.0848737034956261,3.6331251388582,1.11700210312322
1909-10-01,0.0,-5.01747771986075,-7.75526316934946,4.04431839971925,0.038385089489716695,3.5004652927392597,1.12142348270548
1910-01-01,0.0,-5.04092489521796,-7.76983031080619,3.6029631810043,0.136663331415814,3.51845605765842,1.13530912502944
1910-04-01,0.0,-5.06999060509182,-7.709526059147,3.8177774323529,-0.0044626670643856,3.56857795637344,1.13230066643024
1910-07-01,0.0,-5.08733491584899,-7.67517698353362,4.38257575234742,0.0478818458229983,3.62579447226727,1.12345394350719
1910-10-01,0.0,-5.08481073056831,-7.63109159993607,4.20016877384115,0.14222590901566298,3.6835019524747796,1.12168602441443
1911-01-01,0.0,-5.06560767240511,-7.56992658293729,3.0907984971424702,0.116492132088479,3.5883027598853903,1.12332291477327
1911-04-01,0.0,-5.05518462211859,-7.51033479468508,2.79635066765577,0.12539831049436,3.57937700258319,1.12317379919918
1911-07-01,0.0,-5.04715199877724,-7.52447924434569,3.25268551169743,0.00682082588217056,3.46317400037988,1.12435861281462
1911-10-01,0.0,-5.04835981654209,-7.48548547644224,3.37632093264264,0.012621245554311,3.48003212181542,1.12239349759513
1912-01-01,0.0,-5.04254793126535,-7.50381717392183,3.05840319220456,0.170365628956769,3.49418334365496,1.11285067418945
1912-04-01,0.0,-5.03220774148032,-7.5745849814757,3.20266947916064,0.121550837310293,3.39775008753995,1.11008560322593
1912-07-01,0.0,-5.0188307878511,-7.5333087237176,4.01190002257745,0.09733687921019821,3.36543764015501,1.11272175915918
1912-10-01,0.0,-5.00027390361896,-7.53172063788624,4.7677765451512695,0.120619488206478,3.27276162256578,1.11448709990148
1913-01-01,0.0,-4.9931335084975,-7.57621744607715,4.12662659670047,0.18999506660290602,3.23694506707069,1.12159837953767
1913-04-01,0.0,-4.99637861866821,-7.54740896842628,4.50313454479408,-0.145199565473965,3.2405797459538603,1.12435505711125
1913-07-01,0.0,-4.99668564723186,-7.60671308523599,4.82657678155705,0.107147312183588,3.1753294587208902,1.13311688748362
1913-10-01,0.0,-5.02753288013915,-7.59710542895764,4.5501991080031505,0.133256709762833,3.23087051499153,1.13393609565605
1914-01-01,0.0,-5.06456297007737,-7.54837900982759,3.17025485277143,-0.00217354713915833,3.3577161998710103,1.14130830306861
1914-04-01,0.0,-5.08204170658553,-7.54647573108182,2.95241660386875,0.024695425274537,3.4039752509819,1.15580375495361
1914-07-01,0.0,-5.11421286237355,-7.5295320743399,4.71748103308798,0.0866730110148327,3.42020405114649,1.15401666842073
1914-10-01,0.0,-5.15920365479152,-7.52959798016032,4.36763517352059,-0.192562911262418,3.6008004009222905,1.13738094919084
1915-01-01,0.0,-5.14034931314826,-7.46303934208524,2.80517209431421,-0.08577760484423591,3.47376927814202,1.12913342586405
1915-04-01,0.0,-5.12503747067422,-7.51289628105271,2.81990913330868,-0.197998343842576,3.39033472490302,1.13711354432948
1915-07-01,0.0,-5.08725535619115,-7.59964882167712,2.53422532178764,0.0956936856897385,3.25813272816511,1.15274381351799
1915-10-01,2.22980590031467,-5.02517191736879,-7.54952253679515,2.31034906746231,0.20717872915003402,2.98832130580352,1.17709886156538
1916-01-01,0.0,-4.98095612549601,-7.52460263053039,2.32802808989464,0.26346596168159003,2.74571149972373,1.18589210723104
1916-04-01,0.0,-4.97522374330792,-7.63654420669864,2.47530102859775,0.10731401240826001,2.75835493672281,1.17768091324012
1916-07-01,0.624058774354061,-4.97135401100111,-7.54767330802435,2.8316695482545,-0.00781807799384432,2.87636375233295,1.17869666833856
1916-10-01,0.0,-4.97996400025241,-7.65496136446953,2.7462703802896002,-0.195958690867582,3.17071441750614,1.18204007228099
1917-01-01,0.0,-5.02429173386113,-7.54299768720463,3.0348378329506898,-0.247205111207563,4.2890304909759,1.16973934367836
1917-04-01,33.6650342954415,-5.00997594137485,-6.96451938081255,3.72653266288209,-5.13170344031559,5.62752419039114,1.19079403479203
1917-07-01,0.0,-5.02595344391744,-7.0815218068631,3.8854366285141704,-10.6611332789017,8.29854805057057,1.18490266725883
1917-10-01,6.563310327265779,-5.01402464305934,-7.07536152243451,4.376694297887171,-15.396797911552301,11.8469263197687,1.18968421310904
1918-01-01,0.0,-4.9949682769629,-6.53780574676668,4.61488514228279,-18.2751849694521,15.891459971573902,1.19588769587424
1918-04-01,25.7895198530603,-4.93066663180731,-6.27824403727437,4.773661089550281,-10.740116485574,18.8740959500004,1.24706199399048
1918-07-01,-7.0511943475809495,-4.90629330250811,-6.17809054980427,4.81775961353292,-15.3606401442683,22.3619764488415,1.30291026988543
1918-10-01,-15.4543351340198,-4.93229985026757,-6.07429117005219,4.80599849883991,-22.6666099116983,27.288728084550602,1.36032043387147
1919-01-01,0.0,-4.96940107831119,-6.34515039552021,4.22669370395632,-18.0969837575549,32.909013649184196,1.41606078435187
1919-04-01,0.0,-4.95193282909498,-6.87360035827261,4.36787049450212,-9.38831774075249,34.210961571703,1.4419786581686
1919-07-01,0.0,-4.92950162653012,-7.19832705935847,4.33846160054661,-2.25703635861597,32.5800201122252,1.4604723163045
1919-10-01,0.0,-4.92079078754983,-7.60259235258095,4.50607630994284,1.70201324074893,30.9651236365475,1.43930159303955
1920-01-01,0.0,-4.92504703100172,-7.6262535156712,4.5745969208076,2.13735077131279,28.187682295852802,1.36726166764469
1920-04-01,0.0,-4.96830425312112,-7.56588696747243,5.5,0.508624905649673,26.874151090625396,1.32089148485008
1920-07-01,0.0,-4.97387830530478,-7.55043759087374,5.8167,2.20113971653916,26.353576671996397,1.33105035485291
1920-10-01,0.0,-5.01620511565113,-7.44758841252459,5.7932999999999995,1.14446988421537,29.522356536779697,1.39118237312258
1921-01-01,0.0,-5.04573270423144,-7.23802736851413,5.45,0.186249742507108,32.527849983965304,1.50956003878919
1921-04-01,0.0,-5.01727735915877,-7.28894530783605,5.1167,-0.607515931251795,32.3242329973837,1.60491774055491
1921-07-01,0.0,-4.99898885476949,-7.52309597271984,4.7,1.50878042819165,31.6425759916362,1.60173944361767
1921-10-01,-0.920329489142017,-4.99160279262908,-7.41887579779102,4.0467,1.27638732454714,31.401783274009997,1.53449581898444
1922-01-01,0.0,-4.99953936450282,-7.44450006627078,3.7533,0.8992062274546129,32.637499937277994,1.4209208094591
1922-04-01,0.0,-4.98155439778212,-7.46836431524059,3.2367,0.675471860971235,31.9422934784746,1.34911721263556
1922-07-01,0.0,-4.96781344946553,-7.38614924999334,3.2232999999999996,0.896872962446482,30.9182690585584,1.2966563521027
1922-10-01,0.0,-4.93315310055491,-7.16881231383276,3.6733000000000002,1.29948413023295,29.419963328001803,1.27931654887053
1923-01-01,0.0,-4.88359912691296,-7.30246365815919,3.81,0.67160536442515,26.9911985225985,1.2793507494474
1923-04-01,0.0,-4.84966120849107,-7.41934576647636,3.9732999999999996,1.02295422562805,25.7265566023462,1.3107536946432
1923-07-01,0.0,-4.86013461604623,-7.44130948410509,3.9267000000000003,1.23690797293479,25.8702014083248,1.35571973962384
1923-10-01,0.0,-4.85519463192419,-7.30967726376256,4.0133,0.815974258522482,25.126259763331298,1.42364082175044
1924-01-01,0.0,-4.82698522454588,-7.43598262683083,3.6233,1.45609106226344,23.7900532503158,1.52807663236929
1924-04-01,0.0,-4.8636664934917,-7.27408063698957,2.7033,1.079414969458,24.6325113746333,1.56813294118784
1924-07-01,0.0,-4.88432153604949,-7.25446264859929,1.9867,0.831869973367861,24.742951248896798,1.55320132800704
1924-10-01,0.0,-4.84992450962287,-7.26450095190056,2.52,1.18004987489177,23.337209211444097,1.53341279252727
1925-01-01,0.0,-4.84879960848576,-7.21092840370146,2.67,0.614924920090109,22.7147439886376,1.47077677602603
1925-04-01,0.0,-4.85322942072039,-7.29647873418802,2.79,0.859653126071582,22.808732604001,1.43430628369991
1925-07-01,0.0,-4.83837663787784,-7.24651671775265,3.08,0.877733960823546,21.9674721198962,1.42856690160831
1925-10-01,0.0,-4.82188579277347,-7.27921318496002,3.5633,0.903514388383254,21.207032411131,1.45245522453238
1926-01-01,0.0,-4.81078046301463,-7.30049695394932,3.27,1.10793066466363,20.6662967820758,1.48902639311426
1926-04-01,0.0,-4.80681049027365,-7.23621377444753,3.06,0.9434651272176421,20.277384232533198,1.51063320698568
1926-07-01,0.0,-4.78361679255649,-7.31784061027721,3.2667,1.53337919551288,19.4553534880963,1.52663925670261
1926-10-01,0.0,-4.77909761060477,-7.23341054871198,3.3333000000000004,1.02739171813241,19.0170570801812,1.54625292985939
1927-01-01,0.0,-4.78497080228338,-7.18206230597935,3.2399999999999998,0.9388845439650381,19.025233447501,1.53642558248088
1927-04-01,0.0,-4.78171160893489,-7.2289817064463,3.2633,1.26659618084465,18.8121463983951,1.53456252188826
1927-07-01,0.0,-4.8006511638127,-7.16474567215948,2.78,1.03503428922662,18.7267348761597,1.51937536822505
1927-10-01,0.0,-4.82342572390684,-7.19696348826137,3.0967000000000002,1.0261384045608601,18.7786120478175,1.50596900056473
1928-01-01,0.263204351156123,-4.81986323924402,-7.1435504039373,3.3033,1.2639657605885,18.6650159032971,1.50491991945821
1928-04-01,0.0,-4.81132714096602,-7.18175109612918,3.8133,0.75956291025416,18.2283041719501,1.50085495793513
1928-07-01,0.0,-4.79191123670085,-7.16288956711553,4.35,0.626694215536371,17.5897751248636,1.49661828832552
1928-10-01,0.0,-4.78433037346474,-7.13858282579922,4.4067,0.692566150797689,17.3908304130711,1.47128658057647
1929-01-01,0.0,-4.76660980944708,-7.124728894682,4.55,0.922246455626477,16.832790313352,1.43384112738289
1929-04-01,0.0,-4.72788308164891,-7.16048605074416,4.8967,0.9374258776077079,15.961606507568801,1.41621973061077
1929-07-01,0.0,-4.72246959789304,-7.15581182533128,4.61,0.9188727903074351,15.464348627083499,1.42115881494054
1929-10-01,0.0,-4.77103203290577,-7.09929882741568,3.6233,0.658714848583973,16.1086859817441,1.42798306958041
1930-01-01,0.0,-4.80753561816565,-7.05959737179286,3.2333,0.414030671368496,16.6331478187157,1.42811730566389
1930-04-01,0.0,-4.81269985269644,-7.04341130869957,2.4333,0.6060073866582291,16.7126375932348,1.41466493790359
1930-07-01,0.0,-4.86185574833199,-7.06005296847291,1.71,-0.42565314324904896,17.9628617369033,1.42808503971302
1930-10-01,0.0,-4.90761615248088,-6.98956577816354,1.54,-1.19980303110314,19.2642224196978,1.50292157265116
1931-01-01,0.0,-4.90373219714824,-6.84778206710381,1.207,-3.25992519576567,20.0296342788236,1.46794229732237
1931-04-01,0.0,-4.88480845300076,-7.03286553182908,0.9860000000000001,-2.42630397125441,20.7110349855367,1.47385217040173
1931-07-01,0.0,-4.92330898277795,-6.86391126521935,0.7666700000000001,-4.14449416954298,22.7363739143387,1.48810915062578
1931-10-01,0.0,-4.97441504942684,-7.07329552211832,2.6487,-3.11717665928356,25.608677262804203,1.54805144489123
1932-01-01,0.0,-5.00970116954351,-7.05157329426594,2.4717,-2.87663920838088,28.802587273723603,1.52582931367601
1932-04-01,0.0,-5.05910992516536,-6.82876448878001,0.53433,-4.00246220777937,32.44096934434,1.60777054167053
1932-07-01,0.0,-5.09463243081892,-6.94654193858944,0.36333,-3.05880274800767,35.1582428517417,1.65533793870043
1932-10-01,0.0,-5.10134650915347,-7.00511598874232,0.14733000000000002,-2.09447853876874,37.3296033546126,1.60047669265374
1933-01-01,0.0,-5.16254564599323,-6.9437909242903,0.9936699999999999,-3.05093671637728,42.417703810983596,1.52160077458468
1933-04-01,0.0,-5.09168835539492,-6.9136525719518,0.41667,-2.8137477627197103,40.653282360102,1.56520166151499
1933-07-01,0.0,-5.0112911823212,-7.17017154513446,0.22666999999999998,-1.34047828826504,37.6107911164175,1.53851889677961
1933-10-01,0.0,-5.07752898216033,-6.78657755865241,0.42367000000000005,-4.10038465078003,41.9416870949557,1.45621840437666
1934-01-01,0.9375491309563361,-5.01458112042198,-6.70643689837215,0.52667,-5.37027194982832,40.595761310883596,1.47899138637019
1934-04-01,0.0,-4.95264708672237,-6.85630454944063,0.15333,-3.96072163651753,39.3072373159397,1.50352418145397
1934-07-01,0.0,-4.99313964366545,-6.91614410683024,0.18333,-3.8597894820691705,41.0949699582378,1.66229719575318
1934-10-01,0.0,-4.9934474048757,-6.81066684756208,0.25,-4.818820967822339,41.53264757775,1.69521725431359
1935-01-01,0.0,-4.93470895712298,-6.95914377629841,0.18,-2.80141664929641,39.0681431990687,1.55159385002559
1935-04-01,0.0,-4.93473864855811,-6.84251232051998,0.15,-3.22592268535132,39.6840138754212,1.53856324648784
1935-07-01,0.0,-4.91086738004123,-6.67384447221077,0.16999999999999998,-5.074334314845331,40.0712177702862,1.54476122164623
1935-10-01,0.0,-4.86030928886484,-6.75301264672937,0.16999999999999998,-4.4386296128178895,39.5468734590567,1.54271503947309
1936-01-01,0.0,-4.85912103692733,-6.72276176723548,0.2,-4.59338972274281,41.190691457197495,1.4709764619878
1936-04-01,0.0,-4.80141196895434,-6.6184173927698,0.2,-5.40369015331325,40.595386143603704,1.53159396583281
1936-07-01,0.0,-4.77574835690842,-6.62772800362005,0.16999999999999998,-4.96372125793833,40.0815267182553,1.51228841749507
1936-10-01,0.0,-4.74510876202015,-6.59720369192838,0.12,-4.82322855785992,39.2538748297739,1.55839435810637
1937-01-01,0.0,-4.74986384860668,-6.60050142569363,0.23332999999999998,-3.18374903087488,38.9556957598025,1.52545739461321
1937-04-01,0.0,-4.72521610557895,-6.71104531548843,0.44333,-0.511211854783126,37.9685328043222,1.56457675763483
1937-07-01,0.0,-4.72856027530879,-6.7375372185525,0.29333,-0.183121172165546,37.9573151768614,1.56464937949877
1937-10-01,0.0,-4.80186400330714,-6.80763887434416,0.13333,0.479465476265851,41.8156437622207,1.66602492615106
1938-01-01,0.0,-4.84300929959262,-6.74798819905677,0.08666700000000001,-1.4061065728997801,44.1308420022676,1.79544519665088
1938-04-01,0.0664060766173314,-4.8265673951557,-6.67977787543011,0.063333,-2.34261161552558,44.1507879494426,1.89724771384764
1938-07-01,0.0,-4.77033726856671,-6.54581061133624,0.06999999999999999,-3.5628900748447196,42.579454432251204,1.90346950287638
1938-10-01,0.0,-4.73308430481707,-6.48553302589427,0.04,-3.52793930222153,42.3429032833454,1.85216649567362
1939-01-01,0.428006136491648,-4.74604672142102,-6.51402744211232,0.03,-4.2038664903032,44.3587126478805,1.83036864938258
1939-04-01,0.0,-4.73634497636438,-6.51858058439514,0.03,-3.87087364933921,45.261332728708396,1.81955537723512
1939-07-01,0.588663621392397,-4.70820350988062,-6.57331669290048,0.076667,-2.6528195543735302,44.1088985584709,1.79643424279017
1939-10-01,0.0,-4.70452782635557,-6.55468893111169,0.046667,-2.6036231160317,43.8147834895772,1.81081230681397
1940-01-01,0.0,-4.66958424763118,-6.55266526837999,0.016667,-2.63417349671132,42.5703197642459,1.85327496283278
1940-04-01,25.573680041926,-4.66649174686301,-6.58353669574223,0.06,-1.8187296673384998,42.471786950776,1.859089794505
1940-07-01,0.0,-4.63818612155865,-6.58134485834932,0.046667,-1.0208346098096999,41.8709734694408,1.87642607144892
1940-10-01,3.85510517645976,-4.6172182391603,-6.43025094431355,0.02,-1.93760995737,41.6344606226143,1.90565910951985
1941-01-01,5.37452102756052,-4.56338385335224,-6.26244172801559,0.056667,-2.72337258245484,40.1016353792285,1.886459410124
1941-04-01,32.8080057422229,-4.50293314090875,-6.15539640889745,0.11,-2.95074685554354,38.1974444424621,1.90848974824395
1941-07-01,0.0,-4.47942326690655,-5.99395896250944,0.11667,-5.215226933339441,37.9590846453434,1.91017470715676
1941-10-01,66.7253287663754,-4.43553191884233,-5.78950744974214,0.23332999999999998,-9.333937943609941,37.7192704487333,1.8994879688261
1942-01-01,0.0,-4.42932817721786,-5.64704423044904,0.25667,-11.2323378584548,40.4484051715502,1.92079306547852
1942-04-01,18.9591313174958,-4.36329005281262,-5.36297636765599,0.35333000000000003,-19.3571939807344,42.347675388368,1.92713905160752
1942-07-01,42.5822090927744,-4.30675559514939,-5.13819451615607,0.38,-26.2458934853628,46.7618279897368,1.91308382465295
1942-10-01,0.0,-4.23981596047346,-5.02405847296101,0.38,-28.3265647983467,51.0351763423214,1.90141830925234
1943-01-01,14.189819875218301,-4.22154397896749,-4.94210251258849,0.38,-26.5514180978553,58.005244232649,1.83677590610222
1943-04-01,0.0,-4.20171180418538,-4.9263996810737,0.38,-26.4286353356826,63.378129420067395,1.81783576086716
1943-07-01,0.0,-4.17882517413111,-4.91645526834715,0.38,-23.0058513740852,69.2769865667128,1.83605570297342
1943-10-01,0.0,-4.15165227087432,-4.88033033224497,0.38,-24.006761274553,73.6236786220191,1.8756526046984
1944-01-01,0.0,-4.1357602748007,-4.85071652754078,0.38,-26.3576905921939,78.43608304063841,1.94292718756284
1944-04-01,-19.2697905350659,-4.12893412601496,-4.84770389248625,0.38,-26.138839056225198,83.0983253848124,2.00001496234268
1944-07-01,0.0,-4.1186466353833,-4.85232211182301,0.38,-25.7940823040473,87.5418017155011,2.04221307115537
1944-10-01,10.6806826290954,-4.11026729202986,-4.84464923965527,0.38,-25.926069493344002,92.6167538607504,2.06464932129785
1945-01-01,0.0,-4.09208921598904,-4.84667517661105,0.38,-24.1385204881918,95.8915186651448,2.09106807943534
1945-04-01,0.0,-4.09077920822498,-4.85213916847641,0.38,-24.0195184868271,98.706348710035,2.1026692364361
1945-07-01,-21.416725468332302,-4.15823088506899,-5.02533096372756,0.38,-20.1740949864284,106.328131047778,2.09014833394353
1945-10-01,0.0,-4.24221942378849,-5.35990850118758,0.38,-12.7717125848256,115.184399141071,2.07737748204234
1946-01-01,0.0,-4.25931279201125,-5.76086095766469,0.38,-5.51939279066734,114.751247211983,2.07640693583012
1946-04-01,0.0,-4.24531995343225,-5.92279437292884,0.38,-0.777898697352971,108.676316968976,2.08376120213624
1946-07-01,1.6005044301209501,-4.28745717615375,-6.03095395375669,0.38,1.7776315660583402,101.62993586943901,2.04594153076502
1946-10-01,0.0,-4.32374213268624,-6.04720501835786,0.38,2.87171999711533,97.2782334549438,2.02915237316716
1947-01-01,0.0,-4.30289487774282,-6.10494728556353,0.38,4.52508660707237,94.08490140268219,2.03519202904679
1947-04-01,3.10112114663843,-4.30880680346514,-6.11889046857345,0.38,3.979345408577,91.07829247164419,2.04630640418175
1947-07-01,0.0,-4.31445982327701,-6.15248961787903,0.73667,2.6788327396700997,88.4263763573679,2.04845060102584
1947-10-01,0.0,-4.30316318838638,-6.17612827346346,0.9066700000000001,4.6100204664932,84.1324125114542,2.04746152563532
1948-01-01,0.6628487353326029,-4.29289221236206,-6.15860871337695,0.9900000000000001,3.90720089799499,81.701411669806,2.06033073766865
1948-04-01,1.26569328305588,-4.28103021892284,-6.12659741672545,1.0,2.7116580152523597,79.2610094833874,2.06841859875169
1948-07-01,0.0,-4.27976042422796,-6.11056890288096,1.05,1.14488556664827,76.9913478591885,2.06233354447085
1948-10-01,0.0,-4.28307191155383,-6.07428820266057,1.1400000000000001,0.391950020352398,76.3782634855807,2.04520849857355
1949-01-01,0.0,-4.30114999470598,-6.03153088117597,1.17,-1.12576235268505,77.7100090596692,2.04089754850511
1949-04-01,0.0,-4.3087994574899,-5.98950455648845,1.17,-2.5764787979793002,78.87705805813769,2.06813469129059
1949-07-01,0.0,-4.30244521917353,-5.98891755608539,1.0433,-2.89101825977842,78.85975224801611,2.09334153215652
1949-10-01,-0.6826465780795751,-4.3165776503053,-6.00465828951498,1.0767,-2.9520802176433,80.0803420439553,2.11021374058669
1950-01-01,0.0,-4.28261292109106,-6.02583005112959,1.1033,-3.3782277276824098,77.6492399663258,2.12976779180208
1950-04-01,2.57556572151222,-4.25793075037682,-6.02034632626609,1.1533,0.343947450772934,75.3244917192725,2.13461146429654
1950-07-01,58.183953930019506,-4.22490660231463,-6.04463437984559,1.22,3.56553700773288,70.7996366315856,2.14315904238919
1950-10-01,39.1116007681661,-4.2100760274145,-5.99227247667466,1.3367,3.4964810103931003,67.7840608292791,2.13018513450416
1951-01-01,1.23672845668745,-4.20073568136206,-5.88697060031532,1.3667,3.53782538851715,64.0966555301473,2.11938974824179
1951-04-01,0.0,-4.1877561741144,-5.78122131256401,1.49,0.43547186599172005,62.2144139213504,2.10377357037358
1951-07-01,0.0,-4.1716117855772,-5.67402902258992,1.6033,-1.90467924418108,60.7629181902099,2.12025748418827
1951-10-01,0.0,-4.17370169671153,-5.62419853548369,1.6099999999999999,-2.27162092804942,59.949493328709,2.13192417714084
1952-01-01,-0.142662846560114,-4.16798379887704,-5.6084821168435,1.5667,-2.02662565814468,59.4607281821241,2.13152858399968
1952-04-01,-1.29860332960236,-4.16987607236716,-5.56900633755397,1.6466999999999998,-3.01597050458321,59.4339875582086,2.13849028795688
1952-07-01,0.221270995471827,-4.16683982602361,-5.5621100334398,1.7833,-3.6675899865208703,58.539137292857,2.14950536873218
1952-10-01,0.0,-4.13899077404186,-5.54237158194719,1.8932999999999998,-2.9638642730197997,56.7210180971349,2.16250338674787
1953-01-01,-2.02946919283917,-4.12470713541687,-5.52260182677808,1.9800000000000002,-2.7543212571945404,55.9111513005195,2.17239120582524
1953-04-01,-1.17727104598251,-4.12061429793177,-5.50555049429162,2.1533,-3.41603914426881,55.6763810352327,2.17134882462379
1953-07-01,-3.08845630796402,-4.1306194161273,-5.52739358402275,1.9567,-3.06369942747525,56.137441151057196,2.16406143880203
1953-10-01,-0.260980986301908,-4.15067214859695,-5.53317624811307,1.4733,-4.37220797166162,57.3034333945024,2.17539901083588
1954-01-01,0.0,-4.15960597272421,-5.5603187058278,1.06,-4.430918712386419,57.7990543642114,2.21065595996421
1954-04-01,0.0,-4.16260043146513,-5.58984505560265,0.79,-3.82709527965112,58.0528979920051,2.22049056292563
1954-07-01,-1.2621143891881899,-4.15578552499274,-5.61075082394642,0.8833300000000001,-3.14105481217258,57.624003991948705,2.22823758399225
1954-10-01,0.0,-4.14140010579366,-5.61629525719972,1.02,-2.64771701262516,56.55363676808079,2.21729481344506
1955-01-01,1.20478092149921,-4.11752925613623,-5.61885871593065,1.2233,-1.57095351991785,54.8009250721731,2.2203927405446
1955-04-01,0.0,-4.10540447077866,-5.62054182826397,1.4833,-1.04205131022795,53.6656180832766,2.22282292019126
1955-07-01,0.0,-4.09647078085504,-5.61485956846835,1.8567,-0.8818265269037849,52.4248648581665,2.21739659930518
1955-10-01,0.0,-4.09535096012172,-5.63804014775365,2.3367,-0.11421226757438101,51.360091763069704,2.21581876047836
1956-01-01,0.206684236506271,-4.10359764894901,-5.63549500782428,2.3266999999999998,-0.11351114021032299,50.753895588820896,2.19415513408332
1956-04-01,0.135701621560452,-4.09949318391713,-5.61048870248891,2.5667,-0.492411466754012,49.7336259607361,2.19886602111676
1956-07-01,0.6639219503839779,-4.10478935907449,-5.62738585684018,2.5833,-0.61947862336652,48.869753391709295,2.19426848471819
1956-10-01,0.10917764931834999,-4.09364502512252,-5.6056220194332,3.0332999999999997,-0.672043206561449,47.6546362010121,2.21022867534322
1957-01-01,0.0,-4.09160829446561,-5.58493606752933,3.0967000000000002,-0.9562985889336171,46.5871270628091,2.21825426711419
1957-04-01,0.503960210985186,-4.09791937414597,-5.59133050864731,3.1399999999999997,-1.18435838805906,46.3803370110762,2.22795672777494
1957-07-01,0.0,-4.09263929462134,-5.58678099574966,3.3533,-1.37412913264595,45.857347210134705,2.234054707561
1957-10-01,2.1090741895599603,-4.10758909557524,-5.56818627787697,3.3099999999999996,-2.64894032800239,46.6461573092471,2.24185381541518
1958-01-01,0.140490726622747,-4.13774410984111,-5.58469401788909,1.7567,-3.3734410997739097,47.8179938169693,2.25376411529752
1958-04-01,0.0,-4.13501032253119,-5.55743878081513,0.9566699999999999,-4.52643083612566,47.8659708820068,2.28331386960848
1958-07-01,0.0,-4.11637295269214,-5.55467403709021,1.68,-3.8835919810729798,46.9948534084268,2.28663604196437
1958-10-01,0.0,-4.0978686695429,-5.53917860655676,2.69,-3.65718083289751,46.1671916509783,2.26864032801744
1959-01-01,0.285427237641378,-4.0835528172092,-5.55273601638671,2.7733,-2.7394448241902,45.6032249088858,2.27200186995601
1959-04-01,0.0,-4.06340736427232,-5.5462431179132,3.0,-2.00288010343865,44.7691390740048,2.26921077540213
1959-07-01,0.0,-4.06947968719702,-5.54655925492552,3.54,-2.81809108915066,44.8916578978018,2.2803424626046
1959-10-01,0.0,-4.07007056078967,-5.5625527494522,4.2299999999999995,-2.64486978593818,44.6602510412918,2.2893883416992
1960-01-01,0.0,-4.05181835779401,-5.58397243819311,3.8732999999999995,-0.5705415191944719,43.5654926431163,2.27763852864246
1960-04-01,0.518668301662441,-4.05915987637381,-5.57744123298878,2.9933,-1.16085422534126,43.633357089006,2.27890142612792
1960-07-01,0.0,-4.06068177771309,-5.55198403211529,2.36,-1.68488965157764,43.3620411885109,2.28124233687849
1960-10-01,0.0,-4.07749508800448,-5.54354193793169,2.3067,-2.36565535639448,43.7757870295109,2.29591190763105
1961-01-01,1.32787430589433,-4.07469406853562,-5.53459715062681,2.35,-2.6925900000130802,43.4696125667417,2.30727174491297
1961-04-01,5.30125469077362,-4.06014723505859,-5.53224973931058,2.3033,-2.87027457346155,42.767073205361,2.32251390665947
1961-07-01,0.589618473584251,-4.04765950815116,-5.51801586889706,2.3033,-2.63985715965217,42.2985896605362,2.32559163063818
1961-10-01,-0.16637960179054198,-4.03199149975429,-5.49849111122368,2.46,-2.28668549090233,41.7509914178544,2.32494593627895
1962-01-01,0.328025351945534,-4.01776225539879,-5.48083120529005,2.7233,-2.77224720993312,41.2488374875351,2.32642419846133
1962-04-01,0.0,-4.0105275645542,-5.47653263442745,2.7167,-2.72168926885494,41.157260858518704,2.3386382402107
1962-07-01,0.0,-4.00482555811609,-5.45682062392161,2.8400000000000003,-2.59202788292297,41.016003140776604,2.34966524634558
1962-10-01,0.0,-4.00506453580943,-5.45242535634184,2.8133,-2.6748381281575697,41.0433447344572,2.34834665646094
1963-01-01,0.0,-3.99738569520216,-5.45884010407942,2.9067,-2.10379063292745,40.624823441177796,2.35572503249138
1963-04-01,0.0,-3.98758986221404,-5.46087814606788,2.94,-1.74093738465944,40.1998110554326,2.35536302453865
1963-07-01,-1.08826552044498,-3.9719634945621,-5.42654456488043,3.2933,-2.00008386398155,39.5053773998942,2.35909141257796
1963-10-01,0.0,-3.96882128643238,-5.43134581300638,3.4966999999999997,-1.90878977841547,39.0101199452956,2.36616769769193
1964-01-01,-0.684599356896591,-3.95060260965057,-5.42719728774186,3.53,-2.38397066519329,38.1575811702005,2.38242898307571
1964-04-01,0.0,-3.94188688990321,-5.42104155348058,3.4767,-3.01129536008212,37.721968162905,2.38545368139334
1964-07-01,0.0,-3.93193025377371,-5.41771240834654,3.4966999999999997,-2.46821541882105,37.190261626331,2.39030087034682
1964-10-01,0.0,-3.93207872559313,-5.42530466970126,3.6832999999999996,-2.03313217389972,37.0316841828926,2.39034352749159
1965-01-01,0.310739050847357,-3.91052452945923,-5.42743322874978,3.8899999999999997,-1.3346849069789402,36.1047760054961,2.40136338829901
1965-04-01,0.19509053121921802,-3.89959379989379,-5.41693844585571,3.8732999999999995,-1.35180791063394,35.6112708666834,2.40399195269823
1965-07-01,1.9257200033550799,-3.88274837228205,-5.38150937085455,3.8667,-2.37269741246363,34.9098969223998,2.40884522804866
1965-10-01,0.0,-3.86282989221266,-5.35704274271104,4.1667000000000005,-2.34126568548732,34.0024990592316,2.41927325550437
1966-01-01,0.0,-3.8409745298263,-5.34099715537854,4.61,-1.8813247197508098,33.052141134095805,2.43340185763978
1966-04-01,0.131046919844996,-3.83942606193752,-5.32564507793237,4.5866999999999996,-1.9079347238122097,32.6702512450192,2.43648339106724
1966-07-01,1.41484903782274,-3.8352997219616,-5.29647395974626,5.0432999999999995,-2.38786075105929,32.072568041408,2.44411454175119
1966-10-01,2.7554998218544,-3.8299310337445,-5.28575641154407,5.21,-2.6351163830772,31.512206956253003,2.44508613748436
1967-01-01,4.84034005312734,-3.82331219535559,-5.24771793127083,4.5133,-3.64050298711662,31.204145840734,2.45249507482692
1967-04-01,0.738088732577049,-3.82486166665329,-5.24931711059652,3.66,-3.4192412830940198,31.325419154739798,2.45710757164396
1967-07-01,0.458899441606186,-3.81899235373943,-5.23935493845312,4.3,-3.57708601731857,31.4362742662578,2.4616805672876
1967-10-01,-1.18387405597025,-3.81388186595154,-5.22957743556694,4.7533,-3.28355611718103,31.6299299464399,2.46912747469954
1968-01-01,0.580223845116543,-3.79597097861652,-5.21296043813818,5.050000000000001,-2.83160792127916,31.3563383054559,2.48000294673434
1968-04-01,-2.65184822365204,-3.7814305275213,-5.20814963985796,5.52,-2.9371095758983,30.919732174568797,2.48747645355991
1968-07-01,0.0,-3.77690315381851,-5.20384212679815,5.1967,-2.00560612189968,30.3354697479582,2.48981198760539
1968-10-01,0.0,-3.77523447262438,-5.20289572696548,5.5867,-1.8863805143151902,29.4473584808527,2.48230594833743
1969-01-01,0.0,-3.76193941252319,-5.20551541416927,6.0933,-0.75345324802303,28.2810284012373,2.48421985267184
1969-04-01,0.0,-3.76092782941869,-5.2068839307973,6.1967,-0.840439416689325,27.4971804345198,2.47973824580098
1969-07-01,0.0,-3.75740558803514,-5.19948761691617,7.023300000000001,-1.54070433147626,26.8284614500369,2.48077453527112
1969-10-01,0.0,-3.7647717370688,-5.21407933641919,7.3533,-1.71029095279455,26.6652477008812,2.47219952912595
1970-01-01,-0.489886326524992,-3.76906759434746,-5.20992372563907,7.21,-2.65769852370599,26.552240165448097,2.48335877616735
1970-04-01,-0.28733845133052,-3.77028664199291,-5.22154905030956,6.6767,-3.4575791797126296,26.4644792480751,2.49558581372784
1970-07-01,0.0,-3.76479358028171,-5.21134271019567,6.326700000000001,-3.9413950161080797,26.423510274304903,2.50781299066531
1970-10-01,0.0,-3.77863178096317,-5.21170098778267,5.3533,-4.3977061689224595,26.7967628844037,2.51523891135329
1971-01-01,0.0,-3.75535310651707,-5.21739361077204,3.84,-3.87589709372409,26.1638581587698,2.52802869569601
1971-04-01,0.0,-3.75255438541006,-5.21719829429198,4.25,-4.64045658697865,26.1348962409519,2.52679762666153
1971-07-01,0.0,-3.74774983707229,-5.21658540993005,5.01,-4.5242266451582305,26.079028256935498,2.52863181039269
1971-10-01,0.0,-3.74801511320337,-5.21960382331912,4.2299999999999995,-4.26446395970009,26.1788269650639,2.52327457915031
1972-01-01,0.0,-3.73271784467803,-5.20053540686993,3.4367,-3.57434740114884,25.718185598515703,2.52154085521004
1972-04-01,0.0,-3.71214956592021,-5.19257863250807,3.7699999999999996,-4.18075372747685,25.3836894868342,2.52686253078705
1972-07-01,0.0,-3.70552014681688,-5.21384155564079,4.22,-3.12251292556817,25.3430399732332,2.52624789794708
1972-10-01,0.0,-3.69175086088835,-5.20432463117311,4.863300000000001,-4.1140534686750305,25.0337346440074,2.52749482525278
1973-01-01,0.0,-3.66964538553676,-5.19187766864233,5.7,-2.6725772761296103,24.4857769875884,2.52399580270587
1973-04-01,0.0,-3.66055314573813,-5.1973036835761,6.603299999999999,-2.96976640235175,24.0473399781908,2.52604257963877
1973-07-01,-0.365272318884345,-3.66844348451871,-5.2163438350959,8.3233,-2.17148484396875,23.7487704588702,2.51813639315131
1973-10-01,0.35505172249470096,-3.66167001539479,-5.2123909058518,7.5,-2.08917247086294,23.0380830545552,2.51738801927754
1974-01-01,0.0,-3.67208798008403,-5.1945370225931,7.6167,-2.29483770287509,22.8158384044132,2.52152392930752
1974-04-01,0.0,-3.67155198912319,-5.1863655146488,8.1533,-1.89019452750568,22.4020510711998,2.52225259272971
1974-07-01,0.0,-3.68374890778843,-5.18532004276885,8.19,-2.53929264887219,22.4173409280378,2.52140468034548
1974-10-01,0.0,-3.69042291255929,-5.18175308335522,7.359999999999999,-3.3311806333435903,22.520694177551,2.53037438144544
1975-01-01,0.0,-3.70466847883177,-5.17647101187165,5.75,-4.92118958531385,23.1829123495542,2.56474904188821
1975-04-01,0.0,-3.69923218930128,-5.18260025002721,5.3933,-8.1137931085194,23.828218133735,2.57955332051173
1975-07-01,0.0,-3.68578968920733,-5.17384096919454,6.329999999999999,-5.77659300335041,24.2140891537471,2.56955598803252
1975-10-01,0.0,-3.67507519907304,-5.16676826691608,5.6267,-5.6969885632377,24.701825281610603,2.56873476457682
1976-01-01,0.21914180259752802,-3.65494721516611,-5.16531761515359,4.9167000000000005,-4.88354231379704,25.060187802435802,2.56775419628302
1976-04-01,0.0,-3.64947607103604,-5.17674897694966,5.1567,-4.35654043322639,25.7084275475707,2.57042506756687
1976-07-01,0.0,-3.64690194790578,-5.1878547179616,5.1499999999999995,-4.50147037522829,26.2860911766808,2.57767698590118
1976-10-01,0.0,-3.64213429735989,-5.19002437741791,4.673299999999999,-4.70996060695303,26.5836241538723,2.58284778710471
1977-01-01,0.0,-3.63291217854984,-5.18341853405936,4.63,-3.8443261353063503,26.7225548905562,2.57622068738725
1977-04-01,0.0,-3.61585130826578,-5.17541592409097,4.84,-3.72788788465537,26.653406068096103,2.56965940268037
1977-07-01,-0.23960049510664902,-3.60103683570057,-5.17661600410884,5.496700000000001,-3.85882490653821,26.6642383551298,2.57115497373104
1977-10-01,0.0,-3.60384949052136,-5.18072481180056,6.11,-3.90553259766646,26.8407488589603,2.5655804876157
1978-01-01,0.0,-3.60275130791033,-5.18306045512239,6.3933,-4.015907217678119,27.0024002028878,2.55748071774359
1978-04-01,0.0,-3.5670827560549,-5.1637896785648,6.4767,-2.9616153140620503,25.9825940586205,2.57011833764987
1978-07-01,0.0,-3.56020017409296,-5.16086473154697,7.3133,-2.8847011163957,25.6551759976774,2.57216742358198
1978-10-01,0.0,-3.54982575580487,-5.15731250298605,8.57,-2.65495485938946,25.0875632954694,2.57135174614891
1979-01-01,0.44902725892838596,-3.55043271208277,-5.1666142538208,9.3833,-2.13311072295167,24.911727138038202,2.56817688678813
1979-04-01,0.0,-3.55183746166028,-5.16490305325874,9.3767,-2.15724794135678,24.6658111678778,2.55728111222219
1979-07-01,0.0,-3.54761281934356,-5.16133440383746,9.6733,-2.38165179523436,24.5128891899474,2.56367084097009
1979-10-01,0.0,-3.54823919135074,-5.15028066221,11.843,-2.52679921970712,24.6155653144871,2.56247003483734
1980-01-01,6.12823042231567,-3.54779017410535,-5.1361771414902,13.353000000000002,-3.02520191429773,24.743025029792403,2.56805544533474
1980-04-01,0.0,-3.57103286639593,-5.13353840060096,9.6167,-3.9536296034070197,25.425366973256903,2.57619087803484
1980-07-01,0.0,-3.57552570151693,-5.15095128898915,9.1533,-4.17125599229769,25.536883722381198,2.58584139428606
1980-10-01,0.0,-3.5600000993873,-5.14519561277025,13.613,-3.49418784543805,24.9721254004075,2.58303195712966
1981-01-01,2.3711495925848003,-3.54159402822851,-5.13575386446979,14.39,-3.03980033275414,24.522232747976798,2.59022982341195
1981-04-01,0.0,-3.55110799976207,-5.13629101760686,14.907,-2.98998555781243,24.9239044572437,2.58165665974445
1981-07-01,0.0,-3.54234154113197,-5.1472585764012,15.052999999999999,-2.85169088499698,24.9884933199573,2.57925715265255
1981-10-01,0.0,-3.55681566765837,-5.13316299315822,11.75,-4.09315781973713,25.876523456780596,2.58474655947936
1982-01-01,0.0,-3.57582316413639,-5.13662102842433,12.812999999999999,-4.5726332785528605,26.957334842068096,2.58706092691229
1982-04-01,0.0,-3.57256946205494,-5.13117026854617,12.42,-4.91404276545228,27.7551769500571,2.59804213418104
1982-07-01,0.0,-3.57866056117912,-5.12888565550253,9.3167,-5.92497418840681,28.9459045389851,2.6063972387742
1982-10-01,0.0,-3.5802554595807,-5.11121070902426,7.9067,-6.70525750610786,30.2318199169913,2.63057620214105
1983-01-01,0.0,-3.56928815429973,-5.10569812906512,8.1067,-6.82694221045196,31.180765564760097,2.62501040770496
1983-04-01,0.0,-3.54874216077193,-5.09829586241808,8.3967,-6.05218609209896,31.7342150416973,2.62986186869489
1983-07-01,0.0,-3.53176093924368,-5.08530725841225,9.139999999999999,-6.670715138038299,32.0059991477302,2.62250407991615
1983-10-01,0.0,-3.51377169239025,-5.10613952214438,8.799999999999999,-6.11936859490803,32.2366124807642,2.61024241996208
1984-01-01,0.0,-3.49603724169131,-5.09070102101166,9.17,-5.46928066877718,32.3181328161222,2.60734976260395
1984-04-01,0.0,-3.4806131592814,-5.07007096099428,9.7967,-5.5367736139696,32.553140411418205,2.60786410810417
1984-07-01,0.0,-3.47316987175932,-5.06414962617709,10.32,-5.63689807297416,33.001616112623,2.61529626059926
1984-10-01,0.0,-3.46775353879871,-5.04728882604397,8.8033,-6.04686633882235,33.696259114337,2.61956339087083
1985-01-01,0.0,-3.45976473373361,-5.03772299636833,8.183300000000001,-5.015342013825929,34.190023138026696,2.62594339079414
1985-04-01,0.0,-3.45266732326611,-5.01883553109101,7.46,-6.252532936829771,35.035103701425705,2.63587713812113
1985-07-01,0.0,-3.43974277687226,-4.9985006412745,7.106700000000001,-5.64563680957312,35.6987200496214,2.64561165725626
1985-10-01,0.0,-3.43485846093881,-4.99449213626927,7.1667,-5.78024169435252,36.6037510578011,2.64331489245322
1986-01-01,0.0,-3.42765949684363,-4.99277755208529,6.8967,-5.57310319167169,37.3603168774808,2.65103712868699
1986-04-01,0.0,-3.42512512192676,-4.97619084688429,6.140000000000001,-5.91852384105306,38.2113597838908,2.6602312592282
1986-07-01,0.0,-3.41752201964038,-4.95486648448846,5.5233,-6.29700814258914,38.6597335999468,2.66361326356654
1986-10-01,-1.89168064980209,-3.41482867777524,-4.96108527872756,5.3533,-5.24900305161425,39.0083805730491,2.65997024669972
1987-01-01,0.0,-3.40983621524826,-4.95711119529651,5.5367,-5.25100512263108,39.182997138234995,2.65592393414752
1987-04-01,0.0,-3.40073137248613,-4.9491181473174,5.6567,-4.15848059650226,39.1954944202991,2.65686895292348
1987-07-01,0.0,-3.3941158989566,-4.94808815888866,6.0433,-4.3179174023213,39.3567356022044,2.65697345174775
1987-10-01,0.0,-3.38027917581152,-4.94164233972776,5.8633,-4.32441936727457,39.359324058562,2.66003907938513
1988-01-01,-4.74070237576499,-3.37672159030353,-4.9486745112898,5.7233,-4.13117703129438,39.5267600261981,2.66922658488157
1988-04-01,0.0,-3.36559871803848,-4.94732720878858,6.21,-3.91153041078509,39.3956592575685,2.67246967508679
1988-07-01,0.0,-3.36237933464409,-4.95450483911424,7.01,-3.6192401620132095,39.3994861845505,2.67473045335034
1988-10-01,-1.0923530338623901,-3.35180663536307,-4.93944791347518,7.7267,-3.6580461212740203,39.2237690349689,2.67292779134079
1989-01-01,0.0,-3.34380426025357,-4.94296270422941,8.540000000000001,-3.18957143657185,39.0340403709828,2.66745340035351
1989-04-01,0.0,-3.33814808821908,-4.92961727637366,8.41,-3.4467749729129795,38.9218891050799,2.66725930133807
1989-07-01,0.0,-3.33339676912147,-4.92350211954707,7.8433,-3.5524753071854396,39.1673289319643,2.66902970935385
1989-10-01,-8.820763548227351,-3.33410097293853,-4.91994936269743,7.653300000000001,-3.5378255223447,39.6766525053405,2.67541343253807
1990-01-01,0.0,-3.3254525312917,-4.90493385468894,7.76,-3.98413806435065,39.8281397926748,2.68291466580289
1990-04-01,0.0,-3.32456228359307,-4.90620861615617,7.7467,-3.9199100842923897,40.3640271532004,2.68485532252587
1990-07-01,0.0,-3.32778927736669,-4.909011935639,7.4767,-3.8477775125800298,41.0902502043632,2.69675655846034
1990-10-01,1.8185035040809299,-3.33993614819837,-4.89624991653041,6.99,-4.55393513995835,42.2892728041085,2.7008522908152
1991-01-01,0.0,-3.34777414076396,-4.89616445691879,6.0233,-3.6218897846432903,43.1099188935571,2.70694781976051
1991-04-01,0.0,-3.34316819229618,-4.89884189943438,5.56,-4.52499675398218,43.768763566396004,2.71387409867496
1991-07-01,0.0,-3.34188284669154,-4.90520058905665,5.3767000000000005,-5.03498766696656,44.5909989681143,2.71421005868387
1991-10-01,-1.71214504623997,-3.34106479750831,-4.91097013952989,4.54,-4.97986122145044,45.242795651651804,2.71498907499268
1992-01-01,0.0,-3.33224757152393,-4.90269701550467,3.8933000000000004,-5.49773420098135,45.820869356706304,2.7280035032746
1992-04-01,0.0,-3.32455113891457,-4.90345932828578,3.6799999999999997,-5.54662576267739,46.204396371113496,2.73451508913367
1992-07-01,0.0,-3.31851843959592,-4.89945522679804,3.0833,-5.62204228613989,46.5219975842386,2.73816780711678
1992-10-01,0.0,-3.31210113373799,-4.90598647144091,3.0700000000000003,-5.30345397227146,46.8663032318058,2.73828347039735
1993-01-01,0.0,-3.31323730896137,-4.92130114363563,2.96,-5.35993112161608,47.247029672951804,2.73227829460546
1993-04-01,0.0,-3.3102783441253,-4.92339217867611,2.9667,-4.72651319821904,47.5638189175388,2.73832742756233
1993-07-01,0.0,-3.30878827992513,-4.92566756321462,3.0033,-4.82460935465031,47.759099129416896,2.73494712596905
1993-10-01,0.0,-3.29881159071839,-4.92638057620146,3.06,-4.230139883026371,47.5992260197659,2.7377676424733
1994-01-01,0.0,-3.29176172622113,-4.93929816668814,3.2432999999999996,-3.77087893416871,47.445532257398,2.74589508231268
1994-04-01,0.0,-3.28107007992765,-4.93377614545923,3.9867,-3.3508280699616804,47.2238417363935,2.74398892674143
1994-07-01,0.0,-3.27837384626279,-4.91963591349392,4.4767,-3.6559990874133197,47.2958470692663,2.7450465034272
1994-10-01,0.0,-3.27022780940115,-4.92840203979002,5.28,-3.54971935683365,47.069385671444095,2.74338339100779
1995-01-01,0.0,-3.26951062294393,-4.92579286676916,5.7367,-3.50946770035074,47.1960055034004,2.74495177499076
1995-04-01,0.0,-3.26880523130387,-4.9221847104237,5.5967,-3.28996931782009,47.3955262573865,2.7572260424117
1995-07-01,0.0,-3.26344035675895,-4.92892180592711,5.3667,-2.90922582406572,47.2511524315529,2.76426715785832
1995-10-01,0.0,-3.25956864324415,-4.93813127575108,5.26,-2.9143175647666797,47.0899178008381,2.76671667160404
1996-01-01,0.0,-3.25550571742016,-4.934269091339,4.93,-2.9924654525558902,46.9544236038732,2.77051779767446
1996-04-01,0.0,-3.24097116895062,-4.92762063124886,5.0200000000000005,-2.34943184582577,46.3200532603133,2.78149589533211
1996-07-01,0.0,-3.234953953932,-4.92828263505553,5.0967,-2.13382829220562,46.021687933668396,2.78021510276046
1996-10-01,0.0,-3.22771448747787,-4.92384170424957,4.9767,-1.54938573970473,45.4803110442273,2.78468228648386
1997-01-01,0.0,-3.22281044487126,-4.92458801098747,5.06,-1.3972690279017,44.9279240034488,2.78496241526453
1997-04-01,0.0,-3.21062645547414,-4.9171146773949,5.0466999999999995,-0.860621729266374,44.1103116614182,2.78516716962524
1997-07-01,0.0,-3.20122363453322,-4.91903887686785,5.0466999999999995,-0.765094444753934,43.2701176637021,2.79217203182485
1997-10-01,0.0,-3.19672202399989,-4.91754187180442,5.09,-0.7874086497848249,42.621448301040196,2.79444145037673
1998-01-01,0.0,-3.18950112043777,-4.92542808776088,5.0533,-0.163109274463584,41.9866107767691,2.80140636028716
1998-04-01,0.0,-3.18250545904975,-4.90639221164071,4.9767,0.0655943784017925,41.369872643045206,2.8078817416074
1998-07-01,0.0,-3.17257569306416,-4.89822335851087,4.8233,0.31815649395615603,40.6155981805992,2.8206253652408
1998-10-01,0.0,-3.15937476134902,-4.88876978116588,4.2533,0.24770263127449899,39.671047635561,2.82901692173788
1999-01-01,0.162077899288608,-3.1540283283995,-4.88333130041328,4.4067,0.5737175475957,39.0294797526765,2.83156802557179
1999-04-01,0.0,-3.14844170031738,-4.87290912016578,4.4533000000000005,0.645603459164522,38.0078986145269,2.83867850634123
1999-07-01,0.0,-3.1390724987659,-4.85846388243614,4.65,0.706321839091111,36.761529568106,2.8409866580061
1999-10-01,0.0,-3.12495002957293,-4.84114235244975,5.0432999999999995,0.638723660407005,35.0013403334737,2.8446462217931
2000-01-01,0.0,-3.1246450761853,-4.84526627164285,5.52,1.71866931801157,34.004041931211596,2.84175649877753
2000-04-01,0.0,-3.10839778770839,-4.8347253921289,5.7133,1.39613491626137,33.1745006095333,2.84469513292686
2000-07-01,0.0,-3.10992641000963,-4.83515587484123,6.0167,1.4501600128185002,32.687958369367095,2.84823647707786
2000-10-01,0.0,-3.10706499833241,-4.83054748400924,6.0167,1.36647318893103,32.0088848480166,2.85011889090217
2001-01-01,0.0,-3.11232556618376,-4.81637439455136,4.8167,1.20573753653769,31.643676397104397,2.86059780431927
2001-04-01,0.0,-3.10943769140319,-4.80167729148794,3.66,0.752934136699468,31.2039580498346,2.86772694489466
2001-07-01,0.9301984053836501,-3.11525630294507,-4.80407965664158,3.17,-1.3976269195139999,31.351394117480204,2.87465435965328
2001-10-01,0.0,-3.11514671718337,-4.79281421608932,1.9067,-0.514891983990939,31.4363973610919,2.89410238987437
2002-01-01,2.78454955110543,-3.10826501380564,-4.77398652034464,1.7232999999999998,-2.37483019699888,31.723771843275,2.89655532798041
2002-04-01,0.0,-3.10498345012015,-4.76427852112641,1.7167000000000001,-2.75176128418847,32.377321822903795,2.89885868094546
2002-07-01,0.855860477767742,-3.10266960309102,-4.75832973192352,1.6433,-2.85311848323706,32.7988847146258,2.89567548255244
2002-10-01,0.0,-3.10458252760439,-4.74961614806231,1.3333,-3.2997716445725205,33.432792896754,2.89936299963949
2003-01-01,1.1121238742031798,-3.10154774740072,-4.74174354746316,1.1566999999999998,-3.45231211571123,33.9273770820465,2.90147328976492
2003-04-01,0.0,-3.09451253834142,-4.72943801778356,1.04,-4.18094023929404,34.4166751188747,2.91247571881952
2003-07-01,0.360602957124124,-3.08037434230395,-4.73100669041339,0.9299999999999999,-4.67434423626455,34.5786056599488,2.92332857640224
2003-10-01,0.6803467018869019,-3.0712415731881,-4.72659257592396,0.91667,-3.97739458241721,34.797157862427305,2.92153358393969
2004-01-01,0.0,-3.06748618489245,-4.71717091184742,0.91667,-4.24409731520956,35.0557349990708,2.92487532478212
2004-04-01,0.21118307269345502,-3.06232432381048,-4.71054510246388,1.0767,-3.8501368307023998,35.262820375868195,2.92668796173476
2004-07-01,0.0,-3.05572213408657,-4.70296016993104,1.4867,-3.64657257653863,35.410984968347904,2.92696990390036
2004-10-01,0.0,-3.04964517683495,-4.70436852676133,2.0067000000000004,-3.5949137469956502,35.4610380844365,2.93256599334795
2005-01-01,0.811481221911014,-3.04121009372985,-4.69882456587604,2.5367,-3.0639109543907703,35.359203704942196,2.93333107680131
2005-04-01,0.0,-3.0380616653924,-4.69692117983085,2.8632999999999997,-2.9713009873999803,35.3950931111237,2.93157025626731
2005-07-01,0.0,-3.03217238422726,-4.68791067985653,3.36,-3.3834437707579603,35.3347012025019,2.93261341624737
2005-10-01,0.0,-3.02903613086451,-4.69024364417676,3.8267,-2.7007154895282803,35.3802570349511,2.93302149091409
2006-01-01,0.0,-3.01928051711225,-4.68043226078714,4.3933,-2.35257186378886,35.133455526830296,2.9292315025411
2006-04-01,1.7253716623097801,-3.01847773699065,-4.67588657254768,4.7033,-2.36234195866354,34.9930960686694,2.92591669646598
2006-07-01,0.0,-3.02014992236318,-4.67605754639455,4.9067,-2.2216568745371204,35.026455348422395,2.92383539040584
2006-10-01,0.0,-3.01508593636939,-4.66911161975781,4.9033,-1.53912727923014,34.9233311507016,2.91783800488019
2007-01-01,0.0,-3.01682762865555,-4.66605888261606,4.9833,-2.09719931614525,34.9592376537581,2.91663296254335
2007-04-01,0.0,-3.01150484899466,-4.65693247282893,4.7367,-2.38311072805575,34.9118371944218,2.91607090272308
2007-07-01,0.0,-3.00738550121599,-4.64806681818897,4.3033,-2.63561248296863,35.448198584898,2.92021917994968
2007-10-01,5.23738901698654,-3.00639112364749,-4.6405696641488,3.39,-2.65161969651935,36.3015495580504,2.9202917599352
2008-01-01,0.0,-3.01541044694092,-4.62823135894083,2.0433,-3.31184975438135,37.777209374613804,2.91720947811289
2008-04-01,0.0,-3.01251199130518,-4.61495477883913,1.6267,-5.7760012835953,39.1756701206914,2.92310243154433
2008-07-01,0.0,-3.01968168015297,-4.6001294693539,1.4933,-5.18092669570094,41.3575591841504,2.93106028638968
2008-10-01,-1.6597218159502498,-3.04342421536032,-4.6059743211482,0.29667,-6.95668477107569,45.136045706316004,2.92904266072387
2009-01-01,0.0,-3.05939758747012,-4.61516477048914,0.21333,-9.25965032114871,48.957152652312104,2.95050181833387
2009-04-01,0.0,-3.06268157863302,-4.59873327402264,0.17332999999999998,-10.9612443043967,52.611036924828106,2.97178974880761
2009-07-01,0.0,-3.06169097998796,-4.59239571368809,0.15667,-10.5136126595409,55.48617999850261,2.97891193920804
2009-10-01,0.0,-3.05440565627773,-4.59465454531241,0.056667,-10.2063122150473,57.5909788259491,2.98636573895323
2010-01-01,0.0,-3.052068701979,-4.59577293216504,0.10667,-10.4522588843468,58.9056206793352,2.98205973797207
2010-04-01,0.0,-3.04359228759657,-4.58683803091849,0.14667,-10.459652240674,60.5757061155606,2.97996331914484
2010-07-01,0.0,-3.03884324987166,-4.58923571252221,0.15667,-9.83885777609952,61.8680592841647,2.98060679898963
2010-10-01,-0.628829423457342,-3.03470129057334,-4.59977795580825,0.13666999999999999,-9.59543362309186,63.055334284641695,2.98791083657815
2011-01-01,0.0,-3.04034004118041,-4.61554411831588,0.12667,-8.98984654070574,64.9213130751348,2.97820899325012
2011-04-01,0.0,-3.03478400912963,-4.61503076374978,0.046667,-9.52136225149584,65.50795540764909,2.98819998693865
2011-07-01,-2.42696423550595,-3.03469088510549,-4.625259815661,0.023333,-8.85668558348295,67.0522632204071,2.9879545290326
2011-10-01,-0.301579625664531,-3.0255333446577,-4.63391412663661,0.013333,-8.65298505234348,67.9450327047742,2.98149804332884
2012-01-01,0.0,-3.02063700820306,-4.63735670943739,0.06666699999999999,-7.65123295787866,69.12333696504601,2.97572054861005
2012-04-01,0.0,-3.01763561177902,-4.64736029961095,0.08666700000000001,-7.4303286055066105,69.97435514782589,2.97472054870956
2012-07-01,0.0,-3.01839495846945,-4.65468609292775,0.1,-7.21285335145571,70.5836703490637,2.97095159587587
2012-10-01,0.0,-3.02024683005813,-4.66591302258168,0.09,-7.26007236950217,71.5655866017704,2.96968316491895
2013-01-01,-2.8956199964790303,-3.0171450111115,-4.67913861419823,0.09,-5.222392754594099,72.0775270505565,2.97599351929075
2013-04-01,0.0,-3.01595517395546,-4.68586437767308,0.05,-3.5082457776689204,72.5047545361734,2.97753552949575
2013-07-01,0.0,-3.01060410210697,-4.692804081467,0.03,-4.570347181731361,73.0860986730393,2.9809170948638
2013-10-01,0.0,-3.00338618636512,-4.69784341550828,0.06,-3.48043708806752,73.2545320448591,2.98058370997177
2014-01-01,0.0,-3.00748809672933,-4.70120800126733,0.05,-3.9289209181823,74.1795342090044,2.98049685227627
2014-04-01,0.0,-2.9980312984237,-4.70077405215125,0.03,-3.9583136615566903,74.0006514968742,2.97864558943882
2014-07-01,0.0,-2.98963987019021,-4.69703740605648,0.03,-3.98640290827064,73.657026208747,2.98639394219153
2014-10-01,0.0,-2.9866798207512,-4.70411588621804,0.02,-3.83915677278812,73.7577913621802,2.9833260675026
2015-01-01,0.0,-2.98685654452748,-4.71030740037694,0.03,-3.51629280499013,74.02849029619951,2.98394359686147
2015-04-01,0.0,-2.97894238068142,-4.70787926688029,0.02,-2.7783196866657,73.2215615627401,2.98759300255951
2015-07-01,0.0,-2.97609077620245,-4.70633592584425,0.04,-3.64448707992237,75.68482756846619,2.98749108592563
2015-10-01,0.0,-2.97479899383263,-4.70991395514994,0.12,-3.56019011194837,76.63078106467141,2.98484449119371
