date,news_gdp,log_rgov_pc,log_rgdp_pc,log_tfp,tbill,def_gdp,debt_gdp
1890-01-01,0.0,-8.48982530958931,-5.3775025897235444,0.533979958332966,4.24727269431433,0.8416343794692098,8.122038914990624
1890-04-01,0.09747046297559263,-8.361955033303346,-5.367321091274523,0.5400471322698763,4.03843452284477,0.7440010947214034,7.814325373744018
1890-07-01,0.0,-8.254742040430024,-5.3571436881351095,0.5432786286095023,4.39725263893484,0.41183710470324425,7.330389273658281
1890-10-01,0.0,-8.254617600563957,-5.3391016613338795,0.5472884470949044,5.45249811143806,0.4121988805629013,6.976309482697671
1891-01-01,0.0,-8.304855563720038,-5.345935189775593,0.5374241250588846,4.30607037437881,0.3595411269543046,6.808374062859525
1891-04-01,0.0,-8.173658794409157,-5.340956896375597,0.5322867538469961,4.2708051516221905,-0.17376298429418097,6.5549751877722375
1891-07-01,0.0,-8.452324138981043,-5.280131301858722,0.5511412023392469,4.61488847079429,0.3913276583590485,6.147811130918715
1891-10-01,0.0,-8.31233993480725,-5.277589556854763,0.5443865273603012,4.126654149916511,0.1280443618528216,6.041657261351217
1892-01-01,0.0,-8.275266541115865,-5.290502651877217,0.5304592709714326,3.0554576357382497,0.12844121068950293,6.11365449206985
1892-04-01,0.0,-8.199377579388159,-5.3164376723794255,0.5194842953312571,2.39282351709933,-0.12436049652276666,6.290390218295667
1892-07-01,0.0,-8.321693520228255,-5.328381587709345,0.5232745548141963,3.14665253362873,0.21202715692523816,6.138671259924137
1892-10-01,0.0,-8.308920019425768,-5.318508259418424,0.5452945520027743,4.22374573164159,0.19280094909990148,5.907310817303163
1893-01-01,0.0,-8.23401353941243,-5.306754069047798,0.5767653131933257,4.538212521621951,0.005462812410989479,5.662231066126692
1893-04-01,0.0,-8.237804693596793,-5.315344048061981,0.5935529867606242,5.72543265294794,-0.021265807631214554,5.892787411519856
1893-07-01,0.0,-8.269789521882155,-5.408624092026806,0.5675606401177369,8.32243338118327,-0.2960505735731297,6.778795252166051
1893-10-01,0.0,-8.28457350945462,-5.456091478236168,0.5555231582686053,3.67919551470711,-0.29177701692859775,7.094505695999961
1894-01-01,0.0,-8.253557586453425,-5.468401415875687,0.5529948050574056,2.46057968740346,-0.38303175000970824,7.455461387541201
1894-04-01,0.0,-8.208670415747461,-5.47826515928948,0.5516554797541431,2.20428729993084,-0.33460826169177865,7.715877278347499
1894-07-01,0.0,-8.218304587474075,-5.444641943827078,0.5691435099390598,2.32507747826294,0.2080177967721049,7.407841632925381
1894-10-01,0.0,-8.226226192724983,-5.396403600442858,0.5926628466243911,2.05401786205372,-0.49318931551378814,7.284307353284476
1895-01-01,0.0,-8.185193083895404,-5.366299519124574,0.6084165684207956,2.70207538767668,-0.08342546707637004,7.402201488043393
1895-04-01,0.0,-8.206814817814589,-5.339795409618612,0.6181230065672148,2.32790932089794,-0.0927648955325548,7.098857252218591
1895-07-01,0.0,-8.20435718610864,-5.299999931450803,0.6290884337876412,2.64608960567586,0.039221356366155403,7.031496757933004
1895-10-01,0.0,-8.212412995089828,-5.278768298530596,0.627393028582478,3.5941112298500797,0.049276425858529135,7.063613462335456
1896-01-01,0.0,-8.215293114345684,-5.323294836364991,0.5925685380324877,4.58545043614975,0.004740486665278175,7.5621152851579145
1896-04-01,0.0,-8.230695326464891,-5.339037220763036,0.578979674099958,3.70884766067677,-0.1219150406381719,7.883032549242504
1896-07-01,0.0,-8.143771141470877,-5.362245005031911,0.5709515397473774,5.79862126674481,-0.3344488273135992,8.206073178680507
1896-10-01,0.0,-8.167848772326364,-5.383911760419602,0.5725175502100195,4.7019053796847805,-0.2310342116802729,8.109354178153142
1897-01-01,0.0,-8.133792934429627,-5.340848146637,0.610965386794351,2.4105058578956,-0.018003615289158253,7.9177295165242105
1897-04-01,0.0,-8.128729448465263,-5.330854500030638,0.62734496145074,2.56956371209773,0.46333782091015285,7.934151361427342
1897-07-01,0.0,-8.106384610139804,-5.296547244870661,0.6465720097061236,2.87583260140151,-0.3820359347190488,7.416252364809594
1897-10-01,0.0,-8.173083916636813,-5.286484374849311,0.6474323565244879,2.8080850287735397,0.8271075102290653,7.164562752050351
1898-01-01,0.0,-8.213802738847416,-5.289360061107653,0.6349945494178044,2.81680866930583,0.07001059139028952,7.132983007214371
1898-04-01,1.1755413620668747,-7.913297765481291,-5.303171948866677,0.6222847060182146,3.58791179889838,-0.9961302393882281,7.245701926492026
1898-07-01,-0.3049967343676111,-7.825075459976915,-5.312485956643884,0.616042351103198,2.931791080431,-0.8560837438205416,7.850762341054805
1898-10-01,0.0,-7.929871481539169,-5.3025082147026135,0.6227313170724649,2.4399626148397298,-0.46293178291254805,8.194471487497339
1899-01-01,0.5941059738988658,-7.876216800050343,-5.238481618740847,0.6574303812840165,2.46053296964091,-0.06132630891704348,7.891324693778456
1899-04-01,0.0,-7.871002052702192,-5.235036289767646,0.6620023175153393,2.69326808020116,-0.12383444151288342,7.919707715962052
1899-07-01,0.0,-7.993693186978304,-5.215437519694228,0.6699400377474922,3.38508778882974,0.22530721236922693,7.473896320077101
1899-10-01,0.0,-7.996074842677388,-5.206211743176022,0.669773977159535,4.426663938114849,0.20031092199127618,6.938733816130512
1900-01-01,0.45726582098705815,-8.05989088080716,-5.2195134159490015,0.6560393870196246,3.7559701229510702,0.4994145520731074,6.679947422964061
1900-04-01,0.0,-7.976192654547883,-5.217241146145771,0.6515526153081562,2.99656138745601,0.3371087540674379,6.4997273000772235
1900-07-01,0.0,-7.886941778923838,-5.2217757406784555,0.6467068392356307,3.2703731201634096,0.1890172566702509,6.393922378041117
1900-10-01,0.0,-7.877289580364675,-5.223506867091841,0.6458229010621092,3.75302325048493,0.3262185475616803,6.329423291981263
1901-01-01,0.0,-7.901902984299419,-5.162033013745104,0.6749077593825511,2.94946623644458,0.42329598796730883,5.873472543819025
1901-04-01,0.0,-7.9130717684323075,-5.122297512908905,0.6955159615234391,3.07019074581041,0.5590119370629661,5.629168706748192
1901-07-01,0.0,-8.010706497423378,-5.120476656449607,0.7006710743403652,3.61766009909952,0.449971943374599,5.478954739767111
1901-10-01,1.6408190842562789,-7.9795381371078555,-5.118464203144706,0.7070297485962642,3.78540831831436,0.3854306202148867,5.331305022103765
1902-01-01,0.0,-7.934461083172012,-5.147609328674971,0.7008114353225441,3.3527846512602704,0.29805996557202236,5.508833139539964
1902-04-01,0.0,-7.94798663720041,-5.149449159826257,0.699469662485943,3.5323375688229,0.48028465008078663,5.383340912950871
1902-07-01,0.0,-7.870565909779067,-5.130796841404652,0.6999549188501838,4.00895830597498,0.3134393013974049,5.218252436260169
1902-10-01,0.0,-7.893757634358139,-5.130833848476301,0.6851215109914569,4.77953746547437,0.2668919644668195,4.946095973106972
1903-01-01,0.0,-7.816148646924379,-5.095091682266611,0.6788323690746613,4.1560687542661,0.16434364806425486,4.703818220497358
1903-04-01,0.0,-7.82862305108348,-5.076163667686335,0.6750838655073286,4.0031203993110696,0.2693176827331433,4.687476344051714
1903-07-01,0.0,-7.803888696059673,-5.080869809392641,0.6709422311713051,4.688377601477249,0.2375275632254366,4.664985572659619
1903-10-01,0.0,-7.83981506467877,-5.128133453991013,0.6582103854580649,4.77072001676284,0.11510242856504908,4.862331786788197
1904-01-01,1.8958633877459348,-7.874503222485426,-5.154684993912178,0.6643448730150121,3.79423835396931,0.0550293306927135,4.809287212052119
1904-04-01,0.0,-7.899745250895398,-5.172705275934074,0.6723707402842063,2.98479506935663,-0.7804753305954197,4.950560489433546
1904-07-01,0.0,-7.867991127355235,-5.180253784452737,0.6832281383480404,3.02304993382824,-0.08112309175394623,4.9280916647692985
1904-10-01,0.0,-7.895063946672036,-5.153451452773598,0.7074060068039252,3.34396431893906,0.01428875632015157,4.689577618291583
1905-01-01,0.0,-7.849445609667792,-5.132831675903546,0.7270910582957519,3.02602617679446,0.03504228334885689,4.584612266029094
1905-04-01,0.0,-7.816273314650576,-5.104408347647304,0.7405056016553331,3.01719074453074,-0.0038059795463451923,4.498671796618793
1905-07-01,0.0,-7.747891649827683,-5.080618011841269,0.7422140109745845,3.4116440725275,0.04161121737518682,4.3747034499198385
1905-10-01,0.0,-7.760550991490219,-5.037150667769361,0.7427728420270285,4.3825341455916895,0.11549626598584266,4.12937451769909
1906-01-01,0.0,-7.791999644681119,-4.994970153095237,0.7330776307098767,4.09432399757758,0.22640379397874866,3.9001092267944357
1906-04-01,0.0,-7.825007562017813,-4.985899566909792,0.7174883491668353,4.28551936353995,0.21389482779354949,3.816442049542419
1906-07-01,0.0,-7.771473906527234,-4.973212814013028,0.7119309008217422,4.86473225545624,0.23618711204304127,3.7643846950184496
1906-10-01,0.0,-7.75472847494551,-4.957213770157617,0.7162159566515339,5.10583535189317,0.30582723182086186,3.5693906372536253
1907-01-01,0.0,-7.752390793934731,-4.969949604559368,0.7164816800364355,4.9500446854055,0.3779767155383181,3.576011350079161
1907-04-01,0.0,-7.706745917097465,-4.982941515336628,0.7168478172989111,4.53253967837043,0.36301713949079284,3.5833421620483126
1907-07-01,0.0,-7.64568404049614,-5.0145078610882425,0.709436778072181,5.10871398788587,0.1453679510388003,3.6625414933101537
1907-10-01,0.0,-7.668077255663689,-5.096001500217989,0.6806943356704233,6.09883852226756,0.06085414429246434,4.0276499769812375
1908-01-01,0.0,-7.516110349439537,-5.184553677019267,0.6490952866438532,4.63830544516869,-0.2591192209192604,4.534099668724457
1908-04-01,0.0,-7.545152745635939,-5.198763967437897,0.6482960610451183,3.11725946301734,-0.45917903218124695,4.5589556523803685
1908-07-01,0.0,-7.6478188731383785,-5.17988439797268,0.6603886442837756,2.89352111190965,-0.1920001151935046,4.427381199423598
1908-10-01,0.0,-7.62280977242776,-5.139575576709834,0.6803465338407351,3.08785296306798,-0.2784130645118384,4.2164507463472924
1909-01-01,0.0,-7.62160217190701,-5.080427487533903,0.7069393259681205,2.73744930002566,-0.22791448470488535,3.9807416466408143
1909-04-01,0.0,-7.6904311448742275,-5.0469800043862225,0.7223477418800864,2.57251757588832,-0.15421775393326373,3.768710166438086
1909-07-01,0.0,-7.712585587659996,-5.022929120973201,0.7337560372809557,2.98771138402252,-0.08487370349562615,3.6331251388582033
1909-10-01,0.0,-7.755263169349461,-5.017477719860753,0.7372414550315147,4.04431839971925,0.03838508948971675,3.500465292739259
1910-01-01,0.0,-7.769830310806191,-5.040924895217964,0.7281423088722799,3.6029631810043,0.1366633314158142,3.5184560576584243
1910-04-01,0.0,-7.7095260591470005,-5.069990605091821,0.7165169826264866,3.8177774323529,-0.004462667064385601,3.568577956373437
1910-07-01,0.0,-7.675176983533616,-5.087334915848994,0.7096249086222793,4.38257575234742,0.047881845822998335,3.6257944722672732
1910-10-01,0.0,-7.631091599936069,-5.084810730568314,0.7107282217084345,4.20016877384115,0.14222590901566345,3.6835019524747796
1911-01-01,0.0,-7.569926582937292,-5.065607672405112,0.7190157507057912,3.0907984971424702,0.11649213208847888,3.5883027598853854
1911-04-01,0.0,-7.510334794685082,-5.0551846221185865,0.7240882581792728,2.79635066765577,0.1253983104943598,3.579377002583191
1911-07-01,0.0,-7.524479244345685,-5.047151998777238,0.7287359635262067,3.25268551169743,0.0068208258821705605,3.463174000379877
1911-10-01,0.0,-7.485485476442242,-5.048359816542088,0.7299851865187656,3.37632093264264,0.01262124555431103,3.4800321218154155
1912-01-01,0.0,-7.5038171739218305,-5.042547931265351,0.7348949040996502,3.05840319220456,0.17036562895676927,3.4941833436549627
1912-04-01,0.0,-7.574584981475702,-5.032207741480323,0.742528611456291,3.20266947916064,0.12155083731029273,3.397750087539953
1912-07-01,0.0,-7.533308723717595,-5.018830787851097,0.7524908251714346,4.01190002257745,0.09733687921019818,3.3654376401550126
1912-10-01,0.0,-7.531720637886243,-5.000273903618956,0.7659646213716433,4.7677765451512695,0.12061948820647805,3.2727616225657776
1913-01-01,0.0,-7.576217446077147,-4.993133508497499,0.7752165970308225,4.12662659670047,0.18999506660290552,3.236945067070686
1913-04-01,0.0,-7.54740896842628,-4.9963786186682055,0.7757396151399205,4.50313454479408,-0.14519956547396456,3.24057974595386
1913-07-01,0.0,-7.606713085235989,-4.996685647231863,0.7733312474497702,4.82657678155705,0.10714731218358794,3.1753294587208902
1913-10-01,0.0,-7.59710542895764,-5.027532880139146,0.7534092432677292,4.5501991080031505,0.13325670976283294,3.2308705149915338
1914-01-01,0.0,-7.548379009827591,-5.0645629700773656,0.7265760522663094,3.17025485277143,-0.002173547139158326,3.3577161998710063
1914-04-01,0.0,-7.546475731081816,-5.082041706585528,0.7128463811552614,2.95241660386875,0.024695425274537018,3.403975250981903
1914-07-01,0.0,-7.529532074339899,-5.114212862373552,0.6970411183762646,4.71748103308798,0.08667301101483271,3.420204051146489
1914-10-01,0.0,-7.529597980160324,-5.159203654791523,0.679713423834953,4.36763517352059,-0.19256291126241817,3.6008004009222874
1915-01-01,0.0,-7.46303934208524,-5.140349313148264,0.694770294260628,2.80517209431421,-0.08577760484423588,3.473769278142015
1915-04-01,0.0,-7.512896281052705,-5.125037470674215,0.7131511920265685,2.81990913330868,-0.19799834384257634,3.3903347249030173
1915-07-01,0.0,-7.599648821677116,-5.087255356191149,0.7461770297051808,2.53422532178764,0.09569368568973853,3.25813272816511
1915-10-01,2.2486362132810376,-7.549522536795151,-5.025171917368788,0.7946442499588542,2.31034906746231,0.20717872915003413,2.9883213058035203
1916-01-01,0.0,-7.524602630530393,-4.980956125496008,0.8402302943374608,2.32802808989464,0.2634659616815899,2.7457114997237286
1916-04-01,0.0,-7.636544206698639,-4.975223743307923,0.8614857979423618,2.47530102859775,0.10731401240826031,2.7583549367228057
1916-07-01,0.6035572306107295,-7.547673308024349,-4.971354011001114,0.874388615351754,2.8316695482545,-0.007818077993844316,2.8763637523329515
1916-10-01,0.0,-7.654961364469527,-4.97996400025241,0.874343972758719,2.7462703802896,-0.1959586908675824,3.170714417506136
1917-01-01,0.0,-7.542997687204632,-5.024291733861132,0.8511921439574444,3.0348378329506898,-0.24720511120756258,4.289030490975899
1917-04-01,34.24983611409373,-6.964519380812552,-5.009975941374847,0.8599970891230921,3.72653266288209,-5.1317034403155946,5.627524190391136
1917-07-01,0.0,-7.0815218068631,-5.025953443917435,0.8618598951817199,3.8854366285141704,-10.66113327890165,8.298548050570574
1917-10-01,6.766124774525624,-7.075361522434511,-5.014024643059344,0.8819496731196959,4.376694297887171,-15.396797911552307,11.846926319768668
1918-01-01,0.0,-6.537805746766677,-4.994968276962903,0.9115849845433557,4.61488514228279,-18.275184969452077,15.891459971573921
1918-04-01,24.70030750038989,-6.278244037274366,-4.930666631807305,0.9616549399473051,4.773661089550281,-10.740116485573978,18.87409595000038
1918-07-01,-6.626588897051443,-6.1780905498042715,-4.906293302508111,0.9947464465736847,4.81775961353292,-15.360640144268277,22.361976448841517
1918-10-01,-15.002581876315116,-6.074291170052192,-4.9322998502675715,1.0059824626597083,4.80599849883991,-22.6666099116983,27.28872808455063
1919-01-01,0.0,-6.345150395520207,-4.969401078311189,1.0131741723654346,4.22669370395632,-18.096983757554916,32.90901364918417
1919-04-01,0.0,-6.8736003582726095,-4.951932829094977,1.0298486828303373,4.36787049450212,-9.388317740752491,34.21096157170297
1919-07-01,0.0,-7.198327059358469,-4.929501626530123,1.0349014960989147,4.33846160054661,-2.257036358615974,32.580020112225235
1919-10-01,0.0,-7.602592352580946,-4.920790787549825,1.0206766330470223,4.50607630994284,1.7020132407489257,30.96512363654748
1920-01-01,0.0,-7.626253515671201,-4.925047031001718,0.9865101742846762,4.5745969208076,2.137350771312785,28.187682295852838
1920-04-01,0.0,-7.565886967472431,-4.968304253121119,0.9552569113615577,5.5,0.5086249056496731,26.874151090625425
1920-07-01,0.0,-7.550437590873736,-4.973878305304778,0.9606619089609127,5.8167,2.201139716539156,26.353576671996365
1920-10-01,0.0,-7.447588412524589,-5.016205115651129,0.9706835351471946,5.7932999999999995,1.1444698842153742,29.522356536779707
1921-01-01,0.0,-7.238027368514129,-5.045732704231444,1.0061741298739835,5.45,0.1862497425071083,32.527849983965325
1921-04-01,0.0,-7.288945307836053,-5.017277359158772,1.042226645469143,5.1167,-0.6075159312517955,32.32423299738365
1921-07-01,0.0,-7.523095972719837,-4.998988854769486,1.0488833521704646,4.7,1.5087804281916546,31.642575991636193
1921-10-01,-0.9995470443950878,-7.418875797791016,-4.991602792629083,1.0255244387261024,4.0467,1.276387324547139,31.401783274010004
1922-01-01,0.0,-7.444500066270779,-4.999539364502822,0.9708095273485655,3.7533,0.8992062274546131,32.637499937277966
1922-04-01,0.0,-7.468364315240586,-4.981554397782124,0.9437065259274211,3.2367,0.6754718609712348,31.942293478474557
1922-07-01,0.0,-7.386149249993342,-4.967813449465529,0.9312575991136333,3.2232999999999996,0.8968729624464817,30.918269058558373
1922-10-01,0.0,-7.168812313832756,-4.9331531005549145,0.9446032325346982,3.6733,1.2994841302329476,29.419963328001838
1923-01-01,0.0,-7.302463658159193,-4.883599126912958,0.9807082372380678,3.81,0.6716053644251498,26.99119852259846
1923-04-01,0.0,-7.419345766476356,-4.8496612084910735,1.0162835710543705,3.9733,1.0229542256280502,25.726556602346182
1923-07-01,0.0,-7.441309484105092,-4.860134616046225,1.0389418518508915,3.9267,1.236907972934794,25.87020140832484
1923-10-01,0.0,-7.309677263762558,-4.8551946319241885,1.074881685775765,4.0133,0.8159742585224821,25.126259763331305
1924-01-01,0.0,-7.435982626830831,-4.826985224545879,1.1272722400575468,3.6233,1.4560910622634369,23.790053250315786
1924-04-01,0.0,-7.274080636989571,-4.8636664934917,1.131797288463038,2.7033,1.079414969457997,24.632511374633317
1924-07-01,0.0,-7.254462648599289,-4.8843215360494945,1.1234757581490662,1.9867,0.831869973367861,24.74295124889685
1924-10-01,0.0,-7.2645009519005646,-4.849924509622871,1.1190770505916836,2.52,1.180049874891768,23.337209211444076
1925-01-01,0.0,-7.210928403701464,-4.8487996084857565,1.0805798174009928,2.67,0.6149249200901092,22.714743988637558
1925-04-01,0.0,-7.296478734188021,-4.853229420720389,1.0559262349933567,2.79,0.8596531260715821,22.808732604000955
1925-07-01,0.0,-7.24651671775265,-4.838376637877838,1.0558355116293947,3.08,0.8777339608235456,21.967472119896154
1925-10-01,0.0,-7.2792131849600175,-4.821885792773474,1.0725440991605015,3.5633,0.9035143883832545,21.207032411131
1926-01-01,0.0,-7.300496953949319,-4.810780463014631,1.1031516947816091,3.27,1.1079306646636333,20.666296782075783
1926-04-01,0.0,-7.23621377444753,-4.806810490273651,1.1221459272821002,3.06,0.9434651272176419,20.277384232533205
1926-07-01,0.0,-7.31784061027721,-4.783616792556486,1.1410487400740417,3.2667,1.5333791955128797,19.455353488096286
1926-10-01,0.0,-7.233410548711983,-4.779097610604773,1.1433986246678063,3.3333000000000004,1.0273917181324108,19.017057080181207
1927-01-01,0.0,-7.182062305979352,-4.784970802283377,1.1327308645855634,3.24,0.9388845439650377,19.025233447500955
1927-04-01,0.0,-7.228981706446295,-4.781711608934885,1.1283223369393356,3.2633,1.2665961808446495,18.81214639839509
1927-07-01,0.0,-7.16474567215948,-4.800651163812703,1.116446247702726,2.78,1.0350342892266156,18.726734876159675
1927-10-01,0.0,-7.19696348826137,-4.823425723906839,1.1050148748040658,3.0967,1.0261384045608568,18.77861204781752
1928-01-01,0.26847748069084,-7.143550403937303,-4.8198632392440235,1.1073219038279407,3.3033,1.2639657605885006,18.66501590329713
1928-04-01,0.0,-7.181751096129183,-4.811327140966015,1.110910818026891,3.8133,0.7595629102541601,18.228304171950086
1928-07-01,0.0,-7.162889567115528,-4.791911236700845,1.1182477722098663,4.35,0.6266942155363712,17.58977512486358
1928-10-01,0.0,-7.138582825799219,-4.784330373464737,1.1193382780293126,4.4067,0.6925661507976892,17.390830413071143
1929-01-01,0.0,-7.124728894681998,-4.766609809447079,1.1239548016260346,4.55,0.9222464556264773,16.832790313351992
1929-04-01,0.0,-7.160486050744163,-4.7278830816489075,1.1386574721892093,4.8967,0.9374258776077082,15.961606507568831
1929-07-01,0.0,-7.155811825331281,-4.722469597893038,1.139870948662108,4.61,0.9188727903074349,15.46434862708352
1929-10-01,0.0,-7.099298827415676,-4.771032032905768,1.1186734549637851,3.6233,0.6587148485839733,16.10868598174415
1930-01-01,0.0,-7.059597371792855,-4.807535618165648,1.1036586958123393,3.2333,0.4140306713684965,16.63314781871569
1930-04-01,0.0,-7.043411308699574,-4.812699852696444,1.1041808977667567,2.4333,0.606007386658229,16.712637593234792
1930-07-01,0.0,-7.06005296847291,-4.861855748331991,1.0872266864168143,1.71,-0.42565314324904885,17.962861736903278
1930-10-01,0.0,-6.9895657781635405,-4.907616152480875,1.0732157004904257,1.54,-1.1998030311031396,19.264222419697774
1931-01-01,0.0,-6.8477820671038145,-4.903732197148236,1.0827205045868373,1.207,-3.2599251957656667,20.02963427882363
1931-04-01,0.0,-7.03286553182908,-4.884808453000759,1.1010305856891516,0.986,-2.426303971254407,20.7110349855367
1931-07-01,0.0,-6.863911265219347,-4.923308982777947,1.096527591233361,0.7666700000000001,-4.144494169542979,22.736373914338717
1931-10-01,0.0,-7.073295522118321,-4.974415049426838,1.0886586039171129,2.6487,-3.117176659283555,25.60867726280419
1932-01-01,0.0,-7.0515732942659435,-5.009701169543506,1.0899597815702564,2.4717,-2.876639208380878,28.802587273723564
1932-04-01,0.0,-6.828764488780013,-5.059109925165355,1.0766938546376377,0.53433,-4.002462207779375,32.44096934433996
1932-07-01,0.0,-6.946541938589436,-5.094632430818918,1.0610334350024488,0.36333,-3.058802748007666,35.15824285174167
1932-10-01,0.0,-7.0051159887423236,-5.101346509153472,1.0494472838300406,0.14733,-2.0944785387687403,37.3296033546126
1933-01-01,0.0,-6.943790924290297,-5.162545645993229,1.0057182732957255,0.99367,-3.0509367163772807,42.41770381098356
1933-04-01,0.0,-6.913652571951802,-5.09168835539492,1.0307908150759504,0.41667,-2.813747762719708,40.65328236010204
1933-07-01,0.0,-7.170171545134464,-5.011291182321197,1.0713429097529397,0.2266699999999999,-1.3404782882650392,37.61079111641751
1933-10-01,0.0,-6.7865775586524135,-5.077528982160333,1.059406453320073,0.42367,-4.100384650780026,41.94168709495569
1934-01-01,1.3587569947248006,-6.706436898372153,-5.014581120421976,1.1150314361977056,0.52667,-5.3702719498283225,40.595761310883596
1934-04-01,0.0,-6.856304549440626,-4.952647086722371,1.160729668082268,0.15333,-3.9607216365175337,39.307237315939666
1934-07-01,0.0,-6.916144106830244,-4.993139643665449,1.1523981644472094,0.18333,-3.8597894820691656,41.094969958237755
1934-10-01,0.0,-6.810666847562083,-4.9934474048757025,1.152171033054545,0.25,-4.818820967822341,41.532647577749955
1935-01-01,0.0,-6.959143776298405,-4.934708957122984,1.168184154111477,0.18,-2.8014166492964137,39.06814319906865
1935-04-01,0.0,-6.842512320519977,-4.934738648558108,1.1617934415546323,0.15,-3.225922685351324,39.68401387542121
1935-07-01,0.0,-6.673844472210771,-4.9108673800412275,1.168959794983766,0.1699999999999999,-5.074334314845327,40.07121777028622
1935-10-01,0.0,-6.753012646729373,-4.8603092888648405,1.1908667421845864,0.1699999999999999,-4.438629612817894,39.546873459056684
1936-01-01,0.0,-6.722761767235482,-4.859121036927325,1.1944522543979188,0.2,-4.5933897227428115,41.190691457197495
1936-04-01,0.0,-6.618417392769803,-4.801411968954342,1.2214080948561303,0.2,-5.403690153313249,40.59538614360371
1936-07-01,0.0,-6.62772800362005,-4.775748356908416,1.2331567910666723,0.1699999999999999,-4.963721257938328,40.0815267182553
1936-10-01,0.0,-6.597203691928381,-4.745108762020153,1.245799037806862,0.12,-4.823228557859922,39.25387482977391
1937-01-01,0.0,-6.600501425693632,-4.749863848606678,1.241792040839095,0.2333299999999999,-3.183749030874884,38.95569575980252
1937-04-01,0.0,-6.711045315488433,-4.725216105578945,1.2618250765716827,0.44333,-0.5112118547831259,37.96853280432216
1937-07-01,0.0,-6.737537218552498,-4.7285602753087925,1.2810177625295163,0.29333,-0.18312117216554555,37.957315176861414
1937-10-01,0.0,-6.807638874344155,-4.80186400330714,1.28121405081004,0.13333,0.47946547626585106,41.815643762220645
1938-01-01,0.0,-6.747988199056765,-4.843009299592624,1.30669235422872,0.086667,-1.4061065728997828,44.13084200226757
1938-04-01,0.09028613645673292,-6.679777875430112,-4.826567395155697,1.3398947884714536,0.063333,-2.3426116155255805,44.150787949442574
1938-07-01,0.0,-6.545810611336236,-4.770337268566706,1.3731129326415639,0.0699999999999999,-3.5628900748447188,42.57945443225125
1938-10-01,0.0,-6.48553302589427,-4.733084304817074,1.3807892192184812,0.04,-3.5279393022215313,42.34290328334539
1939-01-01,0.5484590850492405,-6.514027442112321,-4.746046721421015,1.3492701522813393,0.03,-4.203866490303202,44.35871264788051
1939-04-01,0.0,-6.518580584395137,-4.73634497636438,1.3359936299845079,0.03,-3.870873649339206,45.26133272870834
1939-07-01,0.7367136504069516,-6.573316692900483,-4.708203509880619,1.3391219023839227,0.076667,-2.6528195543735276,44.108898558470926
1939-10-01,0.0,-6.554688931111685,-4.7045278263555685,1.33998205258957,0.046667,-2.6036231160316974,43.81478348957716
1940-01-01,0.0,-6.552665268379993,-4.669584247631178,1.362807120728057,0.016667,-2.6341734967113184,42.57031976424594
1940-04-01,31.357681804236943,-6.583536695742226,-4.66649174686301,1.3695698029272463,0.06,-1.8187296673385,42.47178695077604
1940-07-01,0.0,-6.581344858349317,-4.638186121558648,1.3851993827012477,0.046667,-1.020834609809701,41.870973469440784
1940-10-01,4.5621755500550725,-6.4302509443135545,-4.617218239160295,1.395605761336642,0.02,-1.9376099573700016,41.63446062261432
1941-01-01,6.068014494648165,-6.262441728015587,-4.563383853352236,1.4181297130152024,0.056667,-2.7233725824548403,40.10163537922852
1941-04-01,35.1067871342104,-6.155396408897451,-4.502933140908754,1.4467557143157435,0.11,-2.950746855543536,38.19744444246208
1941-07-01,0.0,-5.9939589625094385,-4.4794232669065455,1.462597291895749,0.11667,-5.215226933339437,37.959084645343424
1941-10-01,67.63505882674949,-5.789507449742143,-4.43553191884233,1.4906910350332185,0.2333299999999999,-9.333937943609941,37.71927044873333
1942-01-01,0.0,-5.647044230449042,-4.429328177217864,1.505605023902877,0.25667,-11.232337858454756,40.448405171550164
1942-04-01,18.113315153330753,-5.362976367655986,-4.363290052812621,1.5382585951260026,0.35333,-19.35719398073443,42.347675388368046
1942-07-01,38.689086995783384,-5.138194516156066,-4.306755595149387,1.5586450737871216,0.38,-26.245893485362796,46.761827989736794
1942-10-01,0.0,-5.024058472961008,-4.2398159604734635,1.5756062316018737,0.38,-28.326564798346645,51.03517634232139
1943-01-01,11.977593128597796,-4.942102512588491,-4.221543978967489,1.5630496548774286,0.38,-26.551418097855333,58.005244232649
1943-04-01,0.0,-4.926399681073701,-4.2017118041853845,1.5652561973132464,0.38,-26.428635335682586,63.37812942006737
1943-07-01,0.0,-4.916455268347152,-4.178825174131107,1.5827765431900889,0.38,-23.00585137408522,69.2769865667128
1943-10-01,0.0,-4.880330332244971,-4.151652270874318,1.6160585773102705,0.38,-24.006761274552968,73.62367862201914
1944-01-01,0.0,-4.850716527540782,-4.135760274800703,1.65852655191834,0.38,-26.357690592193862,78.43608304063838
1944-04-01,-15.28865293876418,-4.847703892486253,-4.128934126014957,1.6901842504916544,0.38,-26.138839056225216,83.09832538481237
1944-07-01,0.0,-4.852322111823012,-4.118646635383295,1.7164524019167722,0.38,-25.794082304047325,87.54180171550111
1944-10-01,8.425737945907645,-4.844649239655269,-4.110267292029858,1.7349555023406769,0.38,-25.926069493343952,92.61675386075035
1945-01-01,0.0,-4.846675176611054,-4.092089215989038,1.7509065624999123,0.38,-24.138520488191777,95.89151866514476
1945-04-01,0.0,-4.852139168476405,-4.0907792082249825,1.7519659205622231,0.38,-24.019518486827078,98.70634871003497
1945-07-01,-18.079520770246376,-5.025330963727557,-4.158230885068994,1.715509955651736,0.38,-20.17409498642839,106.3281310477778
1945-10-01,0.0,-5.359908501187578,-4.242219423788485,1.6642412756177565,0.38,-12.771712584825641,115.18439914107056
1946-01-01,0.0,-5.7608609576646925,-4.259312792011245,1.6345307814301209,0.38,-5.519392790667344,114.75124721198269
1946-04-01,0.0,-5.922794372928836,-4.2453199534322525,1.6242931265092495,0.38,-0.777898697352971,108.67631696897595
1946-07-01,1.578368892209678,-6.030953953756687,-4.287457176153748,1.596064141559332,0.38,1.7776315660583437,101.62993586943863
1946-10-01,0.0,-6.047205018357863,-4.323742132686244,1.577335203184509,0.38,2.87171999711533,97.27823345494376
1947-01-01,0.0,-6.101947503699417,-4.304414822560043,1.6545587896835992,0.38,4.523026315789474,94.04206414473684
1947-04-01,3.1707317073170733,-6.124937057076262,-4.310981855456422,1.6513186609314063,0.38,3.983739430894309,91.17886178861788
1947-07-01,0.0,-6.162764345854481,-4.316670525663096,1.6553040680881803,0.73667,2.6842952724358975,88.6066907051282
1947-10-01,0.0,-6.185287405835357,-4.30206095907373,1.650900598744127,0.90667,4.620716211012708,84.3276087793608
1948-01-01,0.6774557771923222,-6.165930303293646,-4.294692513576634,1.681203830015078,0.99,3.9141889348889727,81.84753481369967
1948-04-01,1.2839325018341892,-6.133911143442219,-4.284777450113758,1.702807688352895,1.0,2.714600880410858,79.34702861335289
1948-07-01,0.0,-6.114417789508379,-4.282462920239685,1.7062240212587088,1.05,1.1461321633237822,77.07517908309457
1948-10-01,0.0,-6.077085673857378,-4.282469059828544,1.7134814985075415,1.14,0.39229600570613415,76.4456847360913
1949-01-01,0.0,-6.036159942907116,-4.303012376146993,1.7088521522735798,1.17,-1.127272,77.81421818181818
1949-04-01,0.0,-5.997565969425116,-4.31396339710167,1.7243433151056078,1.17,-2.5792188651436994,78.96094325718498
1949-07-01,0.0,-5.9946255008866896,-4.3055112482497195,1.7334306678962847,1.0433,-2.894832539391719,78.96379626236718
1949-10-01,-0.7390983000739098,-6.008925857522967,-4.318305144543753,1.7337586534463352,1.0767,-2.956393200295639,80.19733924611974
1950-01-01,0.0,-6.028426809210756,-4.282604435169726,1.7543774776690038,1.1033,-3.383190883190883,77.76331908831908
1950-04-01,2.651515151515152,-6.024001926031451,-4.256733476811692,1.7531576474473494,1.1533,0.34435261707988984,75.41322314049587
1950-07-01,58.2089552238806,-6.046906235786915,-4.2221622460034824,1.7531270974175313,1.22,3.5691109669046077,70.87060350421804
1950-10-01,38.76211316036262,-5.989852253647715,-4.205256808207062,1.7549763614145855,1.3367,3.5010940919037203,67.8734917161613
1951-01-01,1.2202380952380951,-5.88352238331411,-4.193545608395998,1.7476767876434531,1.3667,3.5416666666666665,64.16625
1951-04-01,0.0,-5.774767985306378,-4.17946968227127,1.7429165116537941,1.49,0.4359197907585004,62.27840743969776
1951-07-01,0.0,-5.671563657581813,-4.166347308518408,1.7706485471268132,1.6033,-1.906660500853728,60.826124075128064
1951-10-01,0.0,-5.623576381086896,-4.1705325594041325,1.7680469275082644,1.61,-2.2740028074115664,60.01235261089276
1952-01-01,-0.13896609227348528,-5.608645442213947,-4.165748377187831,1.7555613087149675,1.5667,-2.0289057809894384,59.52762645914397
1952-04-01,-1.2742382271468142,-5.570464136273551,-4.17022254767281,1.774882213909218,1.6466999999999998,-3.0193905817174516,59.501385041551245
1952-07-01,0.21756867011150394,-5.561150906096502,-4.16364351897271,1.7668110054510107,1.7833,-3.671471308131629,58.601087843350555
1952-10-01,0.0,-5.542099895156495,-4.136716937474082,1.7673164994658443,1.8933,-2.967436974789916,56.78939075630252
1953-01-01,-1.9329896907216495,-5.521437168937236,-4.122694514290778,1.7900841570509864,1.98,-2.7577319587628866,55.98038659793814
1953-04-01,-1.123308654582589,-5.5057566679032846,-4.1192069767679635,1.8013237617680002,2.1533,-3.42098289507276,55.75695685473577
1953-07-01,-2.99079754601227,-5.52745260262227,-4.12881240568008,1.8144616097566426,1.9567,-3.067484662576687,56.206799591002046
1953-10-01,-0.25906735751295334,-5.534054852177684,-4.1498308851721015,1.8198225297348658,1.4733,-4.378235751295336,57.38243523316062
1954-01-01,0.0,-5.562369475521881,-4.160116633150745,1.8331510774225246,1.06,-4.438100181676616,57.89273293537503
1954-04-01,0.0,-5.592875208384291,-4.16398744963248,1.8409866913258486,0.79,-3.833203833203833,58.14555814555814
1954-07-01,-1.278772378516624,-5.6118197075607394,-4.155069951841286,1.8505180178661236,0.8833300000000001,-3.1457800511508953,57.7106905370844
1954-10-01,0.0,-5.614697987855597,-4.1392292005984235,1.8553547732047435,1.02,-2.6519889917438078,56.64488366274707
1955-01-01,1.186153473735173,-5.617166306137732,-4.114177641096655,1.8514612552421033,1.2233,-1.5734688937303316,54.888671023965145
1955-04-01,0.0,-5.620239987912145,-4.103628854988615,1.8546576974642741,1.4833,-1.043891340450771,53.760379596678526
1955-07-01,0.0,-5.614440286827159,-4.094548116584863,1.8586001022793621,1.8567,-0.8833089260808926,52.5129939562994
1955-10-01,0.0,-5.6344247180491225,-4.090082824033152,1.8443849465487825,2.3367,-0.11439029970258521,51.4401509951956
1956-01-01,0.20468501250852855,-5.632442185808786,-4.0981189188829985,1.8494957159679581,2.3267,-0.11371389583807141,50.84455310438936
1956-04-01,0.13452914798206278,-5.610681360062169,-4.0973686234025255,1.865801378988479,2.5667,-0.493272869955157,49.82062780269058
1956-07-01,0.6648936170212766,-5.625273141373412,-4.1013864683426835,1.8605036651480338,2.5833,-0.6205680407801418,48.95569592198582
1956-10-01,0.10857763300760044,-5.606363203179166,-4.092136758738442,1.867620089190417,3.0332999999999997,-0.6731808903365907,47.73530944625407
1957-01-01,0.0,-5.583453804183256,-4.087960151098374,1.8772179382461451,3.0967,-0.9578544061302682,46.662920391656016
1957-04-01,0.5084745762711864,-5.5898876206875645,-4.094459154526208,1.8918963713552697,3.1399999999999997,-1.1864402542372883,46.46186440677966
1957-07-01,0.0,-5.587000862687026,-4.090817150438297,1.9028854843985945,3.3533,-1.3764333680917624,45.93424400417101
1957-10-01,2.1688776584544116,-5.572550418969462,-4.110835207143021,1.9249732752538977,3.3099999999999996,-2.6531901452937463,46.72099389345125
1958-01-01,0.1497326203208556,-5.587381778210543,-4.138642958557231,1.9283162596293746,1.7567,-3.379679144385027,47.906417112299465
1958-04-01,0.0,-5.561434735091678,-4.137139255793174,1.9305853132655433,0.95667,-4.5338961864406775,47.94491525423729
1958-07-01,0.0,-5.555054508830108,-4.115058807989873,1.930316893670739,1.68,-3.890489913544668,47.07832441333883
1958-10-01,0.0,-5.536004772929476,-4.092881619143718,1.932713513078969,2.69,-3.66293034427542,46.23977181745396
1959-01-01,0.29394473838918284,-5.551790826681075,-4.080673915754062,1.922580495980108,2.7733,-2.7434842249657065,45.67046835194983
1959-04-01,0.0,-5.54747834067925,-4.063383615535559,1.9227253304380083,3.0,-2.0088004591543904,44.90147312033671
1959-07-01,0.0,-5.547566298491691,-4.067484407271633,1.9318889837633213,3.54,-2.8190476190476192,44.90689523809524
1959-10-01,0.0,-5.563420922815404,-4.06894540720884,1.9408083857491052,4.2299999999999995,-2.6485054861899355,44.72164207340143
1960-01-01,0.0,-5.5847825392621955,-4.050584073835121,1.9565939528574092,3.873299999999999,-0.5897530409141172,43.62515665315149
1960-04-01,0.5359452966180004,-5.5824649398753845,-4.0629295576766,1.9549232576836115,2.9933,-1.1642949547218628,43.762705599704304
1960-07-01,0.0,-5.558564105320367,-4.06397236886934,1.960337127047533,2.36,-1.6862170087976536,43.39618768328445
1960-10-01,0.0,-5.55144242496219,-4.082200982120339,1.9684045271481445,2.3067,-2.3694927804516843,43.84679748241392
1961-01-01,1.4128440366972477,-5.540838558807839,-4.077920714251708,1.9669106670866507,2.35,-2.697247706422018,43.54480733944954
1961-04-01,5.598559855985599,-5.5379870393002415,-4.0646649357839175,1.973073316259009,2.3033,-2.8802880288028803,42.91627362736274
1961-07-01,0.6165228113440197,-5.52326284879375,-4.049204189072651,1.9793349920145558,2.3033,-2.6422406200457984,42.33677998943104
1961-10-01,-0.17223561832586978,-5.503298791363557,-4.0333382176133314,1.9712966308576978,2.46,-2.290733723734068,41.82490527040992
1962-01-01,0.3367003367003367,-5.485199726960105,-4.019030994165729,1.9807858086787482,2.7233,-2.7777777777777777,41.33112794612794
1962-04-01,0.0,-5.482062040769349,-4.014613984193611,1.9767657550222106,2.7167,-2.7315123251165887,41.30577948034643
1962-07-01,0.0,-5.4619027267138245,-4.006615494106983,1.9889226378602103,2.8400000000000003,-2.594417077175698,41.05380952380953
1962-10-01,0.0,-5.457826224361091,-4.007635522491307,2.0005876398197553,2.8133,-2.678425608361914,41.09836681365344
1963-01-01,0.0,-5.465313628571678,-4.000583760381366,1.999088056539125,2.9067,-2.107125623290976,40.68922309795721
1963-04-01,0.0,-5.466639002783606,-3.9917441971221583,1.9997259969023273,2.94,-1.7465862178469356,40.330247697681806
1963-07-01,-1.101800124146493,-5.432115878304608,-3.973764632110341,2.013890030460237,3.2933,-2.001862197392924,39.54050279329609
1963-10-01,0.0,-5.435159745065827,-3.9694851473135215,2.0131949611129314,3.4966999999999997,-1.91160727940052,39.06770148340725
1964-01-01,-0.6867721707972528,-5.431455644642525,-3.952296603132777,2.027344103377479,3.53,-2.388772767990445,38.23444311734846
1964-04-01,0.0,-5.42649859925815,-3.945218154917553,2.0200104952787945,3.4767,-3.0204803300427288,37.837026668631204
1964-07-01,0.0,-5.424070597809126,-3.9343406494409936,2.029010840092116,3.4966999999999997,-2.471098265895954,37.23369942196531
1964-10-01,0.0,-5.4306140348261245,-3.934535538004745,2.0268056299566215,3.6833,-2.036426215402266,37.09168220278217
1965-01-01,0.3064920590693787,-5.432562723109068,-3.9126175497438687,2.025672817054867,3.89,-1.3374198941209252,36.17872666480914
1965-04-01,0.19172829361818677,-5.422281815761182,-3.9028863798718194,2.0286150335006417,3.873299999999999,-1.3557929334428922,35.716228430566964
1965-07-01,1.86841051648205,-5.387263939207567,-3.884919991761948,2.049463654236553,3.8667,-2.3755505138128923,34.95187508341119
1965-10-01,0.0,-5.362921817308987,-3.8650435880025062,2.0560495052150802,4.1667000000000005,-2.3448633242648014,34.05474802435549
1966-01-01,0.0,-5.346304312340161,-3.8432318145305007,2.064269010971325,4.61,-1.8851325876586653,33.119039839135354
1966-04-01,0.12422360248447205,-5.331692157963384,-3.843206855946946,2.059127029220931,4.5867,-1.9130434782608696,32.757751552795035
1966-07-01,1.3421181063933625,-5.301501901085197,-3.8370745092429335,2.0615319061202437,5.0432999999999995,-2.391410444119083,32.12022938018546
1966-10-01,2.6161046441857674,-5.291256752330113,-3.8316572057844285,2.0709117739775786,5.21,-2.640105604224169,31.571870874834993
1967-01-01,4.596067282634446,-5.252427137748274,-3.825271296214458,2.0904179093107014,4.5133,-3.648424543946932,31.272044539208718
1967-04-01,0.7067137809187279,-5.255001295930084,-3.828081230407361,2.101608631572809,3.66,-3.4275618374558303,31.401637220259126
1967-07-01,0.4392048081368469,-5.24444299376383,-3.8209416095641378,2.097573567163419,4.3,-3.58298659269533,31.488129912159035
1967-10-01,-1.1345586566825505,-5.234987705443254,-3.8161757785126724,2.106539589913659,4.7533,-3.2902201043793964,31.694122986158384
1968-01-01,0.5498130635583902,-5.218397576615663,-3.7978755146153174,2.121269546638945,5.050000000000001,-2.8260391466901256,31.416428414339126
1968-04-01,-2.493845659852296,-5.214213740386643,-3.784274895868677,2.1274902091208836,5.52,-2.9433800706411217,30.98574333725784
1968-07-01,0.0,-5.209636301610055,-3.7790431474404516,2.126052666816384,5.1967,-2.008834665544805,30.38431846865797
1968-10-01,0.0,-5.209131787107457,-3.777615269068273,2.121072309314744,5.5867,-1.890495867768595,29.51160123966942
1969-01-01,0.0,-5.210828754682335,-3.763834263005837,2.119495889430055,6.0933,-0.7550588945937784,28.341296687808317
1969-04-01,0.0,-5.2126418055815185,-3.763564896392649,2.111914513322729,6.1967,-0.8424182358771061,27.561922695738357
1969-07-01,0.0,-5.206217434277607,-3.759905063431464,2.1099696326624557,7.023300000000001,-1.5436893203883495,26.880456310679612
1969-10-01,0.0,-5.2203277272616155,-3.7674183882477594,2.107936570019849,7.3533,-1.714671033619112,26.733522782005586
1970-01-01,-0.4756468797564688,-5.215687785917614,-3.771025577228412,2.11921508572151,7.21,-2.663622526636225,26.61142503805175
1970-04-01,-0.28105677346824054,-5.228303046077858,-3.7731764044461484,2.137041030027631,6.6767,-3.466366872774967,26.531740678283676
1970-07-01,0.0,-5.218031528574455,-3.7673766374117714,2.151117803324412,6.326700000000001,-3.949912531074487,26.480618727557317
1970-10-01,0.0,-5.218540301980205,-3.7815616451720895,2.1498585095064224,5.3533,-4.409333088370384,26.86760977402168
1971-01-01,0.0,-5.224344249077557,-3.7577428747453907,2.1624077286493706,3.84,-3.8847780126849893,26.223801973220578
1971-04-01,0.0,-5.224585760815679,-3.7554774076644066,2.1627048874082835,4.25,-4.65277177203148,26.204254951137248
1971-07-01,0.0,-5.223906902391735,-3.7502691833178883,2.1845879347864856,5.01,-4.534261696527129,26.13686847244629
1971-10-01,0.0,-5.22672946329138,-3.7509384539067465,2.170192065622345,4.2299999999999995,-4.276232882466605,26.25107955977485
1972-01-01,0.0,-5.208610965454793,-3.7359698705671165,2.1740959114348173,3.4367,-3.6079960994636764,25.784893547862833
1972-04-01,0.0,-5.201914089478164,-3.7157191170661554,2.1810788856222567,3.77,-4.169298799747315,25.457975363234365
1972-07-01,0.0,-5.221238272731689,-3.708405785886904,2.1870959115904407,4.22,-3.1225786455911977,25.406454362312104
1972-10-01,0.0,-5.209459590653093,-3.6930786561893068,2.1960560831287643,4.863300000000001,-4.131236360899992,25.092497554368272
1973-01-01,0.0,-5.197526054964406,-3.671948765580401,2.2067421550541835,5.7,-2.6932849364791287,24.542482758620686
1973-04-01,0.0,-5.205891963973337,-3.664527057403215,2.200818104065437,6.603299999999999,-2.956361836056298,24.11060188132117
1973-07-01,-0.3487236713628121,-5.2223198198003065,-3.6719216582067276,2.190888079393098,8.3233,-2.1760357093039477,23.798549309527132
1973-10-01,0.338684549210865,-5.2147133309991425,-3.6623435124464767,2.1937025113761477,7.5,-2.099844205107363,23.08106076000813
1974-01-01,0.0,-5.199159072461766,-3.6744162836109298,2.1858178882427617,7.6167,-2.3068669527896994,22.868756706008583
1974-04-01,0.0,-5.191749155418693,-3.6727913155159917,2.1936403536631133,8.1533,-1.869158878504673,22.462571073786027
1974-07-01,0.0,-5.190288230312938,-3.6863069827603328,2.1774675822458063,8.19,-2.551282051282051,22.466583333333336
1974-10-01,0.0,-5.187309827167162,-3.6936177729476567,2.191474942967716,7.359999999999999,-3.3443770707007565,22.56764393323748
1975-01-01,0.0,-5.181861606925783,-3.707863727963295,2.2159741340336057,5.75,-4.937813254130314,23.232077222944127
1975-04-01,0.0,-5.189747021803917,-3.7027158333504437,2.2265274016355954,5.3933,-8.111871178642774,23.893686058478114
1975-07-01,0.0,-5.178582134951502,-3.6887322073396347,2.2224966492722795,6.329999999999999,-5.801848169376536,24.270920575505908
1975-10-01,0.0,-5.171603948591727,-3.6779162556645892,2.211610377088298,5.6267,-5.715745260529005,24.75854239981837
1976-01-01,0.21971985718209283,-5.170336132805619,-3.658178942463002,2.2126541408805993,4.9167000000000005,-4.8942598187311175,25.11518813512771
1976-04-01,0.0,-5.183128762939139,-3.652906801117031,2.220974991134274,5.1567,-4.351346974032284,25.773352048804192
1976-07-01,0.0,-5.192176811367411,-3.6498217528616625,2.2201993178340986,5.1499999999999995,-4.526661719495388,26.34033181384501
1976-10-01,0.0,-5.193720833432151,-3.6443265285785023,2.230095583140839,4.673299999999999,-4.725223595099003,26.64058832652639
1977-01-01,0.0,-5.187098934570911,-3.6350205622847582,2.236845818739055,4.63,-3.8469274866740424,26.775595896610685
1977-04-01,0.0,-5.1812631214136955,-3.619829868108864,2.230276956548978,4.84,-3.716134053212705,26.708482902864926
1977-07-01,-0.23601604909133822,-5.182543705736607,-3.6062990460464395,2.2480006611942143,5.496700000000001,-3.8801038470616,26.713419872551334
1977-10-01,0.0,-5.1822880931921205,-3.6043230590297095,2.2352916546388206,6.11,-3.922746384512313,26.895545903987426
1978-01-01,0.0,-5.187750436313833,-3.6052746121249437,2.244412237922247,6.3933,-4.099328127837298,27.0749273651716
1978-04-01,0.0,-5.167450522006568,-3.5707548927372446,2.2438911989717347,6.4767,-3.0065191284954533,26.037901012180477
1978-07-01,0.0,-5.16299064794199,-3.5643084298191474,2.244388513006978,7.3133,-2.922633710492255,25.695465742557722
1978-10-01,0.0,-5.16099574635479,-3.553211760355116,2.242426880123819,8.57,-2.527352739311236,25.14076062820461
1979-01-01,0.43536768780178897,-5.170803563341029,-3.554375392877414,2.2397081256536415,9.3833,-2.2441225362146757,24.96017968811842
1979-04-01,0.0,-5.16837893266873,-3.555577853371304,2.2524516321287247,9.3767,-2.18045693115159,24.71055109601729
1979-07-01,0.0,-5.160464937875976,-3.5502394909465402,2.238833425693886,9.6733,-2.406657669815565,24.538753936122358
1979-10-01,0.0,-5.15444418412054,-3.5505344850734994,2.2371785167938523,11.843,-2.397297991849921,24.677264216748043
1980-01-01,6.061366406193992,-5.141234172747259,-3.551037863578155,2.2581166955722995,13.353000000000002,-3.0324754462685495,24.802509140440172
1980-04-01,0.0,-5.13344801000964,-3.574579243364768,2.2517680209758315,9.6167,-4.0716379495245585,25.448623722027595
1980-07-01,0.0,-5.152229554274737,-3.5787215917777107,2.246768777048395,9.1533,-4.225450726413443,25.568618939261338
1980-10-01,0.0,-5.15328235938042,-3.5633803993419235,2.237059229063536,13.613,-3.34941050375134,25.038558413719183
1981-01-01,2.3846104602778313,-5.142032412236816,-3.5462010169444467,2.249014631934721,14.39,-3.0503808975097626,24.581768132641958
1981-04-01,0.0,-5.139053584342873,-3.554905811526107,2.2389591847971047,14.907,-3.0197628458498023,24.961258498023714
1981-07-01,0.0,-5.147093262537292,-3.5463276897866947,2.260424174532217,15.053,-2.9135741887996076,24.993268110163775
1981-10-01,0.0,-5.136279781574776,-3.5591419196389937,2.255817408938014,11.75,-4.00512070226774,25.89804316020483
1982-01-01,0.0,-5.1374004111097475,-3.5774752025525913,2.260813892283349,12.813,-4.605564548147696,26.953422105488194
1982-04-01,0.0,-5.131245276046605,-3.5754164019649872,2.2535285834908354,12.42,-4.94297719087635,27.7490906362545
1982-07-01,0.0,-5.127581589161641,-3.5815062549550993,2.2468690942952314,9.3167,-5.94718236639634,28.952811692362534
1982-10-01,0.0,-5.112499583346078,-3.583334944898085,2.248828330177887,7.9067,-6.641979662610945,30.27778757420796
1983-01-01,0.0,-5.108345071907269,-3.572725130791877,2.245018733119067,8.1067,-6.866470893073069,31.242960787700813
1983-04-01,0.0,-5.100303764841673,-3.5522856924415778,2.2416692749163674,8.3967,-6.046719570805856,31.77880853917514
1983-07-01,0.0,-5.085982090911762,-3.5349276418716125,2.2298673457811304,9.14,-6.657269868806246,32.03252737720915
1983-10-01,0.0,-5.104887560187276,-3.5165189781531363,2.2312867946709254,8.799999999999999,-6.126966558621235,32.248873428729546
1984-01-01,0.0,-5.09251570143058,-3.4987925613060877,2.2394275524911618,9.17,-5.488600598756429,32.35669506921522
1984-04-01,0.0,-5.072379302264978,-3.484138714084785,2.248095631072699,9.7967,-5.529229848363927,32.59676775738228
1984-07-01,0.0,-5.063722084831326,-3.477086147857312,2.252195378453835,10.32,-5.6313199324241605,33.02629581568445
1984-10-01,0.0,-5.041211228651575,-3.470867936254531,2.2561840075047264,8.8033,-6.057465168972665,33.68815986115798
1985-01-01,0.0,-5.038512680045527,-3.4634174934477606,2.2677756142849845,8.183300000000001,-5.023403148787292,34.24497659685122
1985-04-01,0.0,-5.018499177617202,-3.4562657909729855,2.2640470756470417,7.46,-6.267899136184778,35.095112808214395
1985-07-01,0.0,-4.9982434166005,-3.444273077671807,2.2713996304566697,7.106700000000001,-5.676119266891583,35.76173976474879
1985-10-01,0.0,-4.993923177966508,-3.438979928570251,2.267985882501164,7.1667,-5.769447132152741,36.677887536284054
1986-01-01,0.0,-4.992135463706191,-3.431636649218553,2.277384571585946,6.8967,-5.627897690720735,37.4302224982808
1986-04-01,0.0,-4.9761230029143055,-3.428989416784343,2.2859108714753176,6.140000000000001,-5.933601742459244,38.294502013068445
1986-07-01,0.0,-4.95670964369986,-3.422560258789382,2.2868473767216115,5.5233,-6.2807908500987475,38.760032120146704
1986-10-01,-1.9194434902095499,-4.962207776617401,-3.420100987014067,2.284376095147863,5.3533,-5.247337684644451,39.107694950188936
1987-01-01,0.0,-4.957650476927198,-3.4140380573051248,2.2735594249554105,5.5367,-5.268730676379653,39.29947905637203
1987-04-01,0.0,-4.950308047587298,-3.4052890119983092,2.284375418265145,5.6567,-4.161291664932795,39.32004494194998
1987-07-01,0.0,-4.949799221630012,-3.399271998202713,2.28764074815866,6.0433,-4.315604143635098,39.48493223600704
1987-10-01,0.0,-4.940809154068326,-3.384260705554598,2.289104129745865,5.8633,-4.363019169329074,39.474380990415334
1988-01-01,-4.769976741435724,-4.9496617760234765,-3.3809906667730805,2.303378969257509,5.7233,-4.149091339141404,39.66044467221194
1988-04-01,0.0,-4.948985180648951,-3.370283893862981,2.306264527591199,6.21,-3.926782273603083,39.529865125240846
1988-07-01,0.0,-4.956493036237095,-3.367329760085014,2.3103954519526413,7.01,-3.611721057015219,39.52369955326721
1988-10-01,-1.088989721270488,-4.939173607702981,-3.3571371721881005,2.3107843377982293,7.7267,-3.68367441429762,39.319844430039815
1989-01-01,0.0,-4.94471620881971,-3.3482040327129683,2.307805874299258,8.540000000000001,-3.2260991054742076,39.14798686335347
1989-04-01,0.0,-4.931930130215742,-3.3430369601397096,2.3028908454117127,8.41,-3.4654788418708242,39.03249888641425
1989-07-01,0.0,-4.9257982316324584,-3.338517080570658,2.3084079681263687,7.8433,-3.551989324718194,39.27810162587352
1989-10-01,-8.832126948775056,-4.921762227222206,-3.3389875250799474,2.3059776590915395,7.653300000000001,-3.525194877505568,39.78867970489978
1990-01-01,0.0,-4.908116873284479,-3.3304867230974264,2.307530136160496,7.949798332978327,-4.01689171931139,39.95130008343692
1990-04-01,0.0,-4.9074560078772125,-3.329968639996108,2.3086705026046404,8.13632876790624,-3.9966442953020134,40.46308724832215
1990-07-01,0.0,-4.909968179345446,-3.3329011636005483,2.3096236808815536,7.530426219044167,-3.8769097770610625,41.18830942128975
1990-10-01,1.8668709510883141,-4.900485749504688,-3.3457783536459282,2.308541281085857,7.338989995003386,-4.461505154295801,42.4207037820374
1991-01-01,0.0,-4.900942942317806,-3.3534699046786702,2.313207965427445,6.389955333710648,-3.6253976670201484,43.25028168080594
1991-04-01,0.0,-4.901698260231393,-3.348754801581067,2.319365216855709,5.560572749203467,-4.52757511955475,43.888426447306145
1991-07-01,0.0,-4.905449030694616,-3.347147291747238,2.3175414761192177,5.454525394422515,-5.083871799416684,44.681432185500896
1991-10-01,-1.7894484795274963,-4.912742753679988,-3.3469546638428636,2.3155850913568723,4.7969809442158375,-4.972463883789608,45.349620879559424
1992-01-01,0.0,-4.906324041802016,-3.3382768672164467,2.341551031787677,3.596534932477171,-5.48631956122016,45.948389935723156
1992-04-01,0.0,-4.909303366108682,-3.3307850855303616,2.3373967719962763,3.2667724670255263,-5.486184088520739,46.357467391976265
1992-07-01,0.0,-4.903472923017195,-3.3245399027672438,2.338561170101549,3.100888200210579,-5.61630067310328,46.66350927420583
1992-10-01,0.0,-4.907478863111188,-3.31778252905898,2.3370218440715536,2.948399432287995,-5.445455634055802,46.98360974733564
1993-01-01,0.0,-4.924450848961295,-3.3193870399537784,2.3198280055269356,2.815827052848305,-5.299056393491344,47.37846793966862
1993-04-01,0.0,-4.927985497476848,-3.3165776335074417,2.314900092291704,2.9122603284802446,-4.755540542525225,47.70813200370104
1993-07-01,0.0,-4.93032140442519,-3.3143086929933356,2.3057201181039253,3.081037589454804,-4.834280234230831,47.91236686476511
1993-10-01,0.0,-4.9291892652590725,-3.304421363728211,2.3144040720170267,3.111371451252988,-4.305858534012005,47.729286966936144
1994-01-01,0.0,-4.942776203589743,-3.297762010395308,2.3057110428404783,3.045331511320822,-3.794426409207808,47.58266930871172
1994-04-01,0.0,-4.938882444099121,-3.287180652157126,2.3042513823631148,4.065858094581438,-3.3559177027418623,47.373359643433744
1994-07-01,0.0,-4.923260631179166,-3.284183434209923,2.3022752403874653,4.70136387674415,-3.6679352348215133,47.43259538132068
1994-10-01,0.0,-4.932224110246547,-3.2759959639603267,2.3102654607685507,5.272494696123205,-3.5491529515914855,47.20416348101351
1995-01-01,0.0,-4.930309084807299,-3.275412199031835,2.312663884429829,6.318976123198832,-3.5228587001316085,47.34033473804554
1995-04-01,0.0,-4.9274554522304985,-3.2753718942514873,2.3227242815667926,5.927355612156567,-3.300356153541749,47.54517873631447
1995-07-01,0.0,-4.933211215225823,-3.2696749882644514,2.3244021458187794,5.5397116564724405,-2.9259023050591555,47.39519204487772
1995-10-01,0.0,-4.943816951068909,-3.265878618684409,2.326633876092698,5.493299010460921,-2.8986439544039317,47.25241232020173
1996-01-01,0.0,-4.937416284715608,-3.260695201378591,2.343178947035283,5.025643757257737,-3.0310732668234097,47.10158225837199
1996-04-01,0.0,-4.933248546292145,-3.2469466898901165,2.3361279395628776,5.187791645139491,-2.3453839259037945,46.48565879892441
1996-07-01,0.0,-4.935306893739948,-3.2428364678361903,2.3353229258218615,5.385405617257668,-2.1263251100671474,46.178148904247735
1996-10-01,0.0,-4.930102342523611,-3.2345793468144004,2.3401037809238594,5.211587870448134,-1.5351461294462336,45.63089905324585
1997-01-01,0.0,-4.937023302969341,-3.2293172487281896,2.33430716189018,5.225783096385061,-1.3906991761034115,45.13961997919332
1997-04-01,0.0,-4.92751833338472,-3.218647324330923,2.3425972759232314,5.458331770982138,-0.8686669483964878,44.282058505892856
1997-07-01,0.0,-4.925608144521771,-3.2081743032948298,2.3533608987391936,5.347401142278263,-0.7572609318003416,43.41465807821952
1997-10-01,0.0,-4.919772820192328,-3.203031906059837,2.352124848495098,5.379100415769888,-0.7882818649539692,42.7304326994376
1998-01-01,0.0,-4.927680536423452,-3.1952013284012715,2.3596089099495328,5.359936149303819,-0.1736874753284836,42.09668978740202
1998-04-01,0.0,-4.910490619808201,-3.1889518486454653,2.371697977112766,5.331435161792234,0.07804051417550197,41.48522247120862
1998-07-01,0.0,-4.902868954024357,-3.1792007428607487,2.3819891466112275,5.231623202270189,0.3036914407253511,40.72858536799289
1998-10-01,0.0,-4.896234743823871,-3.1661247005556095,2.3783336162540856,4.733588584997373,0.2819023025607919,39.80631590273295
1999-01-01,0.159376095710658,-4.888429907070199,-3.1587608699184555,2.394651407350117,4.758663891962937,0.5620663642062539,39.17648246331693
1999-04-01,0.0,-4.8804033416361134,-3.153922184076997,2.3924527349097304,4.744130169799667,0.7117213579391573,38.13062921206777
1999-07-01,0.0,-4.86454159188102,-3.144228983101483,2.3952199995565944,4.934898554419002,0.7226477814713108,36.859001094295216
1999-10-01,0.0,-4.845657681966543,-3.130670687717642,2.407452786768777,5.31492068433884,0.6434213450233328,35.09272539948687
2000-01-01,0.0,-4.8502397130856965,-3.1295943966584194,2.4075345885928705,5.851752035657322,1.712623222890964,34.07844274259663
2000-04-01,0.0,-4.840665325803586,-3.113821220543005,2.417532002662478,6.162800906967267,1.410072504074085,32.03866233398714
2000-07-01,0.0,-4.844368381689118,-3.1159219053681073,2.420564117750737,6.408212549769426,1.49929251225989,32.132057917078555
2000-10-01,0.0,-4.836605933625777,-3.1126484817328626,2.432959260490204,6.646752099008959,1.3530477112220547,32.36155696311699
2001-01-01,0.0,-4.821827351494204,-3.1184584151352444,2.432239174996165,5.042857606843011,1.1938644916047447,32.68101850967508
2001-04-01,0.0,-4.809345356644711,-3.1152348888533097,2.442421877203902,3.8288098407375966,0.7802622888951788,32.39399943390886
2001-07-01,0.9162106057746745,-4.8120627025784115,-3.1209688425390807,2.444478522481234,3.0456881018754105,-1.3889413096810717,33.37708058124174
2001-10-01,0.0,-4.797902403331673,-3.1208475844351513,2.453861962065919,1.5747523879228775,-0.5112330566108532,34.0316026452793
2002-01-01,2.7477164186024945,-4.779282725366668,-3.1142153451128944,2.4649553912486954,0.9533701189096968,-2.474150322251588,34.10203551722539
2002-04-01,0.0,-4.768699805174306,-3.1108046237864704,2.4644759875453226,0.9323659171631071,-2.738002296211252,34.58491848450057
2002-07-01,0.8466860888565185,-4.762846873165723,-3.1089634055175415,2.4703057392505254,1.146547181399284,-2.8587035688273854,35.73332119446467
2002-10-01,0.0,-4.75181598066603,-3.1101877486526126,2.4700859445799472,1.4435581849967258,-3.2979550508977167,36.36566799862585
2003-01-01,1.1079192060210665,-4.745461631717941,-3.10751143344602,2.4696053601985204,1.0165960028022512,-3.517061776787392,36.83418798829436
2003-04-01,0.0,-4.738843800164785,-3.1008207291577246,2.4808329648514724,1.0129460325956607,-4.10243264267025,37.08181882469415
2003-07-01,0.35446583727424413,-4.737272506430442,-3.0868295861393795,2.492633696557895,0.937336726389856,-4.691917314359325,37.10003717568537
2003-10-01,0.6642768556429554,-4.7316642572296574,-3.0773868449142068,2.4871397766525756,0.833596129519047,-3.9856611338577324,37.191519002395474
2004-01-01,0.0,-4.725151292099766,-3.073714434360706,2.4865527648518344,0.7529911806458887,-4.226982236610363,37.76670245064327
2004-04-01,0.20639323690641306,-4.720612612360733,-3.068218731955284,2.495987506497536,0.8692648466134143,-3.8306584769830265,37.48414899940559
2004-07-01,0.0,-4.714139576680733,-3.0612445434671063,2.5044219210185417,1.4383094227721513,-3.61063931801744,37.37224610533672
2004-10-01,0.0,-4.710650223672333,-3.0535390912260256,2.509259369796356,2.0808222692067044,-3.6552461843029564,37.45114630563893
2005-01-01,0.7832509614405552,-4.70491432220054,-3.0443121373451607,2.5125757745465767,2.6782117060838733,-3.1314373438393397,37.51312336985893
2005-04-01,0.0,-4.703641480711171,-3.0416416066776195,2.5146462896543356,3.076763411182436,-3.0009208601917554,37.20757272087102
2005-07-01,0.0,-4.6985134149728385,-3.0367027717092787,2.5147784830678743,3.576478216007777,-3.392783771856406,36.89664906487301
2005-10-01,0.0,-4.695422200314767,-3.033426961204642,2.5107331681562934,4.200079006295715,-2.6290508998664084,36.803275243541826
2006-01-01,0.0,-4.684341716516345,-3.022158906906233,2.5166177845211752,4.534623803509151,-2.4097005706218013,36.636985999176424
2006-04-01,1.6555906175927408,-4.68364369139454,-3.021937705094101,2.507576006528663,4.912221779157612,-2.297613680980703,36.1874591010223
2006-07-01,0.0,-4.686006466030547,-3.0233617203225256,2.500435080577532,5.225841573609752,-2.082161756860031,36.408898213436
2006-10-01,0.0,-4.675700018470888,-3.017580557296729,2.5028936381251174,5.15263490015359,-1.6474828342687826,36.44444286161999
2007-01-01,0.0,-4.671552707585013,-3.0172859775417273,2.5017182319125486,5.1428530944010085,-2.15536343620082,36.87515915501874
2007-04-01,0.0,-4.661351665671313,-3.012824956587919,2.497187061699734,5.218030891841507,-2.258004041077343,36.58715742843058
2007-07-01,0.0,-4.654273381705383,-3.0084355280160557,2.493383196409925,5.020658646545968,-2.5837504548856436,38.20163964817599
2007-10-01,5.024090899823991,-4.641759311824091,-3.0054883879466674,2.499728969790914,4.2926073742066615,-2.74547913367901,43.195323171436144
2008-01-01,0.0,-4.632851686105542,-3.0125777278721286,2.486794807327223,2.6558561029925762,-3.3447795192601912,44.71946418250433
2008-04-01,0.0,-4.617584497879497,-3.0076284803526754,2.4887260202391164,1.812423397889634,-5.7353505048534545,47.36868092319904
2008-07-01,0.0,-4.608602909762008,-3.0155413452019064,2.4942347386491135,2.0523097648511692,-4.851332304181489,50.051694744613734
2008-10-01,-1.6675565778124615,-4.615125819548219,-3.039395484984784,2.492697328812419,1.8392434304307264,-7.046727180624582,52.5076874632056
2009-01-01,0.0,-4.617359864507569,-3.053906987454899,2.5049602177036223,0.6111790978381135,-9.672300410923782,55.40479110796971
2009-04-01,0.0,-4.60211774926809,-3.058036366009151,2.530973146394902,0.4266284999755374,-10.771701944204933,59.24988874363751
2009-07-01,0.0,-4.598020290837931,-3.056252475473305,2.531297050033804,-0.11737757645586822,-10.254067783706718,61.48640380928652
2009-10-01,0.0,-4.594763628179654,-3.048330764018633,2.535857010045875,-0.47462961438000306,-10.066069673473844,63.10150021841215
2010-01-01,0.0,-4.595125034262005,-3.045138936215064,2.5246843431189383,-0.44770033946844556,-10.451349850317651,64.80049578044782
2010-04-01,0.0,-4.5915129146870415,-3.0371893738217484,2.519048410965169,-0.4664960004219383,-10.409073310102668,64.79804007957169
2010-07-01,0.0,-4.5996456006507165,-3.0322335860631195,2.5251130967545765,-0.589675191488225,-9.70240925661753,65.83866302108099
2010-10-01,-0.6388190339331787,-4.605613227450864,-3.0290715388061025,2.519943220643452,-0.9951580087825702,-9.434011561448774,67.7000881805415
2011-01-01,0.0,-4.614997051986555,-3.033032406519997,2.5155709789494094,-1.0112304763174222,-9.05780580272809,69.7921036517842
2011-04-01,0.0,-4.62004790230548,-3.0287002312826456,2.5119091516878846,-1.0662775640816102,-9.316406877711715,70.63368793186565
2011-07-01,-2.485988356116234,-4.63742313437475,-3.030334244155596,2.509808309211205,-1.1922697307045933,-8.750167756283671,71.71340196961854
2011-10-01,-0.306773637666248,-4.642726021258908,-3.0213310063417653,2.5154698464514307,-1.4372478896970406,-8.668564539239883,72.68792410192965
2012-01-01,0.0,-4.646245932860113,-3.014862303770136,2.52417014936941,-1.5397859616926692,-7.702504231803246,73.2257542566962
2012-04-01,0.0,-4.656490470270156,-3.012233788643055,2.523738906195999,-1.262019666462955,-7.409715495060808,73.51015295765436
2012-07-01,0.0,-4.661969141136656,-3.0135445639567,2.5162241632930065,-1.1787741265102278,-7.2679922791752185,73.2463555868746
2012-10-01,0.0,-4.670453463128023,-3.0136965578465595,2.5161748025263684,-1.338975140893377,-6.847579839711578,74.75238727436601
2013-01-01,-2.925594289528598,-4.678186683791126,-3.0065947861097793,2.514642964323713,-1.357628472464758,-5.125953900090805,75.00909249448257
2013-04-01,0.0,-4.680578075940982,-3.0070566395633618,2.5144102444964562,-1.5236752853198703,-3.547989173393375,75.07907973843686
2013-07-01,0.0,-4.687325421296246,-3.0019205864318925,2.5180853798503215,-1.5222713319011598,-4.507690215302376,75.23472748668036
2013-10-01,0.0,-4.693663654021092,-2.996651234129145,2.5230447723690026,-1.8521047737161176,-3.3975170868085756,75.49458650215081
2014-01-01,0.0,-4.6998492192740216,-3.0018328495652677,2.5185022596441216,-2.3761232784653394,-3.5871980774951444,76.11735678913692
2014-04-01,0.0,-4.702315296591287,-2.990951312768657,2.5249822304375242,-2.8917858214847874,-3.6706809370830396,74.79332520171565
2014-07-01,0.0,-4.697186400851062,-2.981769077905148,2.5295185926999704,-2.836697391006992,-3.8533071824699037,73.97884823481671
2014-10-01,0.0,-4.700257070734711,-2.9785105379026433,2.5258231016455985,-2.8017094713475665,-3.7709004341128693,75.28762358213136
2015-01-01,0.0,-4.702469668259132,-2.9723828175200393,2.5325840180989174,-2.268755008152266,-3.53782105795579,76.64301078854781
2015-04-01,0.0,-4.696628653683589,-2.9686544140309135,2.5383484031630856,-1.594953160515836,-2.628931992942612,76.32722865607325
2015-07-01,0.0,-4.695454708294573,-2.9670108026126334,2.533721477689123,-1.2882195063603739,-3.418910799147867,76.97557764789424
2015-10-01,0.0,-4.696305174838379,-2.9676902072945075,2.527067433211886,-0.5324050657277923,-3.255491733080225,78.48717822835356
2016-01-01,0.0,-4.692720956515726,-2.963847381465991,2.5332044909920732,0.40194296750076597,-3.821918774728227,78.0759824806109
2016-04-01,0.0,-4.695932221526755,-2.96224415807644,2.524283002764152,0.4078317090609833,-3.630531496486063,76.93858668787209
2016-07-01,0.0,-4.692370826576982,-2.9585169199461596,2.5284755095324374,0.47031180386513505,-3.924795611301963,77.0790551516604
2016-10-01,0.0,-4.692826122546124,-2.9556842347774643,2.5324753305404712,0.5227246283155693,-3.966680725432307,78.1753532264867
2017-01-01,0.0,-4.693848113095696,-2.952478842361452,2.5365027989180016,0.37916019968778475,-3.8864147771472126,78.97741974219348
2017-04-01,0.0,-4.692487151347837,-2.9485392535723096,2.5327980259276495,0.8463595951351675,-4.001469758680115,79.74752754503723
2017-07-01,0.0,-4.693010166701303,-2.9436006645334714,2.5380294450568703,1.0796696056292157,-4.182793334935348,80.29851677258712
2017-10-01,0.0,-4.6840708050199,-2.9354453966618212,2.5419283955758463,1.1565669758306154,0.8695870844439973,80.4528391087864
2018-01-01,0.0,-4.6781979123560635,-2.9296394916018973,2.540220817895973,1.3994853639838936,-4.831287201457528,80.35021371446159
2018-04-01,0.0,-4.670584447406392,-2.921493163011558,2.5373756672811765,1.705115737171642,-4.885689886543857,79.02646334024644
2018-07-01,0.0,-4.666376643592215,-2.919404557506361,2.5450794731457163,1.91867145732572,-4.73592750894279,80.05688050302288
2018-10-01,0.0,-4.668173126045571,-2.918336456346485,2.5435760322882923,2.2995241098898105,-5.06022591323817,82.09041814608928
2019-01-01,0.0,-4.662906947988738,-2.9131724672054746,2.556769823723503,2.4940029515257844,-5.218650007618468,83.01027064604602
2019-04-01,0.0,-4.655520827381564,-2.906432524738617,2.5622510950255357,2.4087304465726715,-5.228448093643285,92.99926723753248
2019-07-01,0.0,-4.652748339470407,-2.901219571638708,2.5735188857941185,2.1720244153675345,-5.4382701697279705,96.83854917461055
2019-10-01,0.0,-4.647357662985304,-2.897639109061765,2.5812435946915127,1.6555187383308239,-5.572380096337782,98.45639217313142
