iso,year,log_rgdp_pc,log_gov_pc,log_tfp,tbill,def_gdp,debt_gdp,nx_gdp,mil_delta
BEL,1950,1.8746356194589628,0.44499021227058827,1.354682529101538,1.4000000432133675,-5.179132845596919,73.6889,-4.414454516297354,0.0
BEL,1951,1.9372005267827046,0.4563510337906223,1.4036206421789528,1.4000000432133675,-3.2722221753460516,64.4794,1.3172993196407417,0.0
BEL,1952,1.9403694509016483,0.556753125326732,1.400660916966205,1.4000000432133675,-5.771845767942573,66.2522,-0.09948027866154037,0.0
BEL,1953,1.9492828988447024,0.48786296446069116,1.4400278144620429,1.4000000432133675,-4.360490797546012,68.6405,-1.9877300613496933,0.017696250973747496
BEL,1954,1.971971692092756,0.49054531111611044,1.477509529634002,1.4000000432133675,-4.873438604760782,69.60690000000001,-2.8753240631628563,-1.0968424576821958
BEL,1955,2.0319354758063044,0.47696139711064217,1.5056321220655262,1.4000000432133675,-2.9272888494790523,68.25189999999999,-0.7980492130348038,-0.22524857277232213
BEL,1956,2.059165740392827,0.4778625051227803,1.5349796908324864,1.4000000432133675,-1.9979149291075928,65.2228,-1.2093411175979982,0.05023647513998375
BEL,1957,2.078467654920014,0.5326402235343837,1.5485647114180234,1.6200000420212746,-2.384902693139377,62.6271,-2.535875761745626,-0.0374429064991566
BEL,1958,2.067823906122693,0.6428665546083981,1.5337495231148595,2.1400000900030136,-4.628315132605308,66.3914,-0.7800312012480499,-0.05262091382722378
BEL,1959,2.085238018271453,0.7152809481766998,1.562893556701714,1.6499999910593033,-6.204292976840519,69.5991,-1.3745057427979666,-0.12098779550009242
BEL,1960,2.136972192412035,0.7564765887898268,1.5870763662588137,3.189999982714653,-5.779432624113479,69.3148,-1.5780141843971631,-0.13827779333860235
BEL,1961,2.1879835689695946,0.7595959958113521,1.622140372791163,3.3799998462200165,-3.907530823058982,67.77590000000001,-2.449183605464845,0.025682093211477852
BEL,1962,2.2358630067809586,0.793979945276621,1.6537633968873335,2.6900000870227814,-3.1948031741092278,65.3017,-1.8360043566205073,-0.06812120371804031
BEL,1963,2.2789371675422903,0.8591852258509937,1.6816694448009142,2.580000087618828,-3.9049341629286665,64.0813,-2.0836347851251626,-0.0031593039523936106
BEL,1964,2.3398830469412237,0.889697485511732,1.7286811155778679,3.3500000834465027,-3.0387897595034903,59.3746,-2.133436772692009,-0.2404080572477807
BEL,1965,2.3776564206910593,0.954756709739132,1.7468446822283035,4.63000014424324,-3.491271820448879,57.6017,-0.6412540078375489,0.13952242650840851
BEL,1966,2.402856026277224,1.057098978275705,1.7537960153624388,5.209999904036522,-3.855690607734804,55.57688937568456,-1.9337016574585635,0.02199559564913489
BEL,1967,2.438532442350863,1.1008976122764713,1.7721259709591386,5.220000073313713,-3.2548210786841283,54.08139059304704,-1.0518717129008972,-0.019491612972361683
BEL,1968,2.476267614766145,1.1845383585799178,1.7982295735386804,4.010000079870224,-4.392867469879517,54.523613766730406,-1.0795180722891566,-0.18327501477956476
BEL,1969,2.540497855468608,1.1833177867225415,1.8398288906954545,6.949999928474426,-2.5014331625119444,51.58767241379311,0.2953183357943195,-0.013174899756084102
BEL,1970,2.609862134835436,1.3174121149598195,1.9131120246962912,7.8599996864795685,-4.029195940671352,47.49187,0.7338017174082748,-0.019714177845554293
BEL,1971,2.653363066901241,1.325983198666125,1.9370131407039883,5.090000107884407,-3.272746719908726,45.7677,-0.634626354820308,-0.01816587764159161
BEL,1972,2.7089629551286425,1.3974572397751774,1.9892239069368265,3.8600001484155655,-3.6427159706726187,44.84331,1.8616512591648071,-0.04544890846384497
BEL,1973,2.7664261131118004,1.4873118534141423,2.043115120262518,6.159999966621399,-4.78954160354598,42.38252,0.7855018795937833,-0.0738949447511561
BEL,1974,2.8035353193605936,1.5172886147589062,2.073307583745799,10.209999978542328,-4.192596489549957,38.84301,-2.912621359223301,0.30361835136979654
BEL,1975,2.781910553848349,1.627240390664752,2.0610626354484682,6.989999860525131,-6.386883403225107,39.83973,-3.199169945095327,0.028334994832483584
BEL,1976,2.8225794807766635,1.6754048962322352,2.107816109189965,9.769999980926514,-7.7104223640230956,40.06854,-3.8931935581890005,0.049879112853554286
BEL,1977,2.830703075694903,1.7342663028151772,2.1162417998714944,7.079999893903732,-7.130813545033024,42.93782,-3.628635661093157,0.1182734141259214
BEL,1978,2.857929433873623,1.85897066908725,2.1402953724405167,7.14000016450882,-8.143642072213499,45.96645,-3.7840136054421767,-0.00017704368595605757
BEL,1979,2.8783986533253034,1.8875026660796785,2.1534917329113044,10.760000348091125,-8.30091585750605,49.43217,-3.773700493154042,-0.011149632029619827
BEL,1980,2.912468857048402,1.9167236535406742,2.197617314425331,14.079999923706055,-9.09751900706266,65.22144666666667,-5.835725606969462,0.11585405056176246
BEL,1981,2.887059228569622,1.996211116806445,2.2084213753397837,15.250000357627869,-14.285371628022677,81.01072333333335,-6.547461996177058,-0.09610484464170677
BEL,1982,2.8820045781270567,1.9891687396168178,2.224815863007674,14.090000092983246,-12.761508489396432,96.80000000000001,-6.36119637728152,-0.07853142093148158
BEL,1983,2.8663618697432405,2.0032056385023864,2.2302207898782993,10.540000349283218,-12.650733445261512,107.2,-3.913683202377603,-0.1835107212567464
BEL,1984,2.8816600130068752,1.9676330810411677,2.2412341530089113,11.420000344514847,-9.75039163796233,111.4,-4.350807850725813,-0.0766685951333268
BEL,1985,2.8956462107587213,1.9683711757739928,2.2476996774286055,9.57999974489212,-7.8987689007486885,115.99999999999999,-3.0144218921921664,0.02253876988862924
BEL,1986,2.927784664723041,2.046698407738778,2.265395253278772,8.100000023841858,-10.776922957848955,121.10000000000001,0.09785119242299042,-0.051977831375256134
BEL,1987,2.950771453876883,1.9897653973006701,2.2847590740827837,7.0900000631809235,-7.839430395286036,125.6,-0.18443223651187005,-0.2730463764537836
BEL,1988,3.0015533814246242,2.0120053315186843,2.3173327804246933,6.719999760389328,-7.4745845212433055,126.0,-0.19478456504677039,-0.1678940926098611
BEL,1989,3.0499216294467515,2.0089102471355753,2.3371871682107326,8.68000015616417,-8.405584270671675,122.8,0.94109817148968,-0.10541386463508973
BEL,1990,3.0707168599715393,1.9959966538633072,2.3457220100969884,9.669999778270721,-6.764376818080105,126.6,-1.005948214564257,-0.0677476117924094
BEL,1991,3.082169862561959,1.9823035263073328,2.3676818796841883,9.309999644756317,-6.307178977994325,128.0,-1.3294218285400707,-0.4553603170311631
BEL,1992,3.1024277819012784,1.9919745564448288,2.3858157275305247,9.359999746084213,-6.648708377541872,129.6,-0.7290865777567335,-0.09636663666047274
BEL,1993,3.1015338875603287,1.998156492687798,2.3925448914606116,8.160000294446945,-5.699774748326618,135.2,3.3608913610326776,-0.05882274331013737
BEL,1994,3.127514918686927,1.9938215120665215,2.4205925485790827,5.68000003695488,-4.5404726451312225,133.2,4.858884841484772,-0.1325025962891475
BEL,1995,3.1757190242951414,2.018187843637097,2.4242761973308147,4.780000075697899,-3.7875613452484496,131.3,5.037035690488077,-0.02532371208281403
BEL,1996,3.170540526570893,2.0150731081653737,2.4304717880408924,3.2099999487400055,-3.425343463003058,129.0,4.673569402317849,-0.061450651654191946
BEL,1997,3.198237407540124,2.0203919860820903,2.4538701990132177,3.4299999475479126,-2.367459315219475,124.30000000000001,4.002118565421752,-0.040470377630589915
BEL,1998,3.224378636658485,2.0355865217382734,2.4579370941967658,3.5500001162290573,-1.6674977646330618,119.19999999999999,5.577561681783199,-0.023465122714934283
BEL,1999,3.251425908291989,2.0478189655121715,2.4761566161309,2.7799999341368675,-1.5565029343062131,115.40000000000002,5.563213457363828,-0.043065321488148456
BEL,2000,3.2790909679630955,2.050740306064119,2.485858109984665,4.239999875426292,-0.4072534090554571,109.59999999999998,4.587012824913413,-0.0673420801919189
BEL,2001,3.2810357207005723,2.070826652583173,2.483660789753851,4.149999842047691,-1.0809389600317765,108.2,4.940700247791625,-0.05976197129827443
BEL,2002,3.294507303802996,2.0082438063872714,2.486769233001457,3.2099999487400055,-0.2282483394631341,105.4,6.894658835153976,-0.0025673062424564908
BEL,2003,3.3041638866843677,2.037733128567573,2.4903286616640976,2.2199999541044235,-1.4543689389440282,101.70000000000002,6.503674982986836,-0.06459962006390518
BEL,2004,3.33502236895386,2.0296827405926616,2.5181026551514862,2.0099999383091927,-0.1778182063203296,97.2,5.5173526711534295,-0.059953208880953124
BEL,2005,3.34733139879065,2.139125420211266,2.529372058992546,2.070000022649765,-2.7576063502098074,95.10000000000001,4.073761014605391,-0.04051811280085871
BEL,2006,3.3649007123544044,2.0560323673135907,2.5337803240174686,2.8999999165534973,-0.11308592008021322,91.5,3.704516873482559,0.041895695607903294
BEL,2007,3.3944304722202827,2.094827605957601,2.5508094390566094,3.8899999111890793,-0.8693058300035813,87.30000000000001,4.121816430276017,0.12389575219619187
BEL,2008,3.365858572710514,2.1125161765809968,2.540366640584843,3.669999912381172,-1.5631627727140887,93.2,1.073000071944649,-0.05838448264643059
BEL,2009,3.342762861646708,2.1199876425435,2.5224599741738256,0.6599999964237213,-3.8593772097681494,100.2,3.3564108308282044,-0.07334893173639312
BEL,2010,3.356491576189114,2.135044928338002,2.5360793812009508,0.43000001460313797,-3.0274274384534845,100.29999999999998,3.4339579750220013,-0.04567996767089877
BEL,2011,3.343493093322672,2.165038094003013,2.531262980935723,1.0099999606609344,-3.7116190739637465,103.49999999999999,1.6715003025743582,-0.007471467959730971
BEL,2012,3.337568510439564,2.183351944476808,2.5312756743566576,0.13000000035390258,-3.5552016572797327,104.80000000000001,1.3761935302131283,-0.03250957959480516
BEL,2013,3.336797593974011,2.164568026144305,2.533265241377374,0.050000002374872565,-2.579082671553653,105.5,3.277475013647471,-0.03824775721242024
BEL,2014,3.3534945787993333,2.180512671535717,2.5432714411178097,0.050000002374872565,-2.5237218489146507,107.0,3.442803207901523,-0.05444236475905806
BEL,2015,3.3757443205568367,2.0882477179358743,2.5547539436547173,-0.2199999988079071,-1.279019539143074,105.2,4.594153366804069,-0.01374467444665084
BEL,2016,3.383246694332576,2.0904059776663306,2.553531314469132,-0.2637,-2.553146471046426,105.0,3.988518024123532,-0.011248089903668324
BEL,2017,3.3918296124327303,2.0722385997478185,2.5509217683105607,-0.3291,-1.2616784630940379,102.0,4.050066260599653,0.005605276007715321
BEL,2018,3.3986966943086165,2.0725584240812815,2.551819212985127,-0.3221,-0.2252101570475919,99.9,2.4926568800143767,-0.00543752573273093
BEL,2019,3.4154074362977687,2.09136991274426,2.5582607372512474,-0.3563,-1.9480920261240355,97.7,3.584715680940766,0.1189230159983653
DNK,1950,-4.638854838718644,-6.761501281024089,1.692875093942757,4.0833331644535065,-0.2714774811970757,22.026448604939176,-6.018175074183977,0.388485752008197
DNK,1951,-4.676324480354661,-6.668135338504351,1.6775152508759466,5.000000074505806,-0.22165539478158292,25.03914183725505,-5.186497817348836,0.6865152521030069
DNK,1952,-4.656348605457396,-6.591296207196224,1.6814774372882901,5.000000074505806,-0.17183330836609015,28.051835069570924,-3.124493434916518,0.623843486156864
DNK,1953,-4.604843864089196,-6.5112888709355445,1.70892770581685,4.874999821186066,-0.12201122195059738,31.064528301886796,-2.7618038740920112,-0.16897821019885617
DNK,1954,-4.566175371680879,-6.437580587136648,1.708920351508722,5.000000074505806,-0.07218913553510468,30.639130434782608,-5.175961017866811,-0.013179759184832385
DNK,1955,-4.58382685943833,-6.496278155071,1.709099965208854,5.791666731238365,1.4591977869986128,29.128919860627178,-2.890733056708158,-0.15490347834980245
DNK,1956,-4.581429658761383,-6.454558331805199,1.7163653523152078,5.999999865889549,0.782437194865658,28.915032679738562,-4.458598726114651,0.05250924413740421
DNK,1957,-4.552403573452291,-6.389979233738348,1.7800999562650763,5.999999865889549,0.389412838454522,26.70294117647059,-3.8910860967447523,-0.2016840134952136
DNK,1958,-4.52200555308338,-6.323656531365227,1.7911364125312812,5.6458331644535065,0.6173558532323834,24.490849673202618,-1.5812463599301083,-0.28809748147689573
DNK,1959,-4.442603153434244,-6.261726587135214,1.8410358318194582,5.145833268761635,1.4389244827224013,22.278758169934644,-3.697090641739316,0.13986379696520368
DNK,1960,-4.394062381508447,-6.212003827653548,1.8444521268216982,5.958333238959312,1.8241553474231285,20.06666666666667,-5.305742166429656,-0.14206591098729682
DNK,1961,-4.322347607441034,-5.9976109671920765,1.874173527226438,6.624999642372131,-0.9316906348649578,16.43076923076923,-5.088126972991932,0.4314614590556456
DNK,1962,-4.282416316987497,-5.914626993843602,1.893169681575299,7.000000029802322,-0.3152548309883794,15.255905511811024,-6.1980656586296154,0.023250789647623282
DNK,1963,-4.294730619225667,-5.882969673526247,1.8671632497231814,6.812500208616257,-0.02947570096901668,13.671028037383179,-2.8075605172985507,-0.19860942291865058
DNK,1964,-4.199240897498355,-5.8200895371746055,1.9209417196074852,6.541666388511658,0.4109655272445926,14.546644844517184,-5.677770794049863,-0.010776737679410342
DNK,1965,-4.14403507884644,-5.703044489656791,1.9270831750640005,7.000000029802322,-0.26398852223816294,12.915080527086383,-4.9842180774748925,-0.1953880342132166
DNK,1966,-4.052989700990885,-5.623332539986639,1.9161891624305591,7.000000029802322,0.036401493917311824,11.240963855421688,-4.603575597409181,-0.04853877527471351
DNK,1967,-4.043038178534359,-5.537992678453836,1.9625590027779303,7.041666656732559,-1.8856100653050756,10.05982905982906,-4.710172486538473,0.08772322626430329
DNK,1968,-4.0166016756454415,-5.458221362696232,2.0086093060582892,7.16666653752327,1.2182624852159791,9.358342665173572,-4.415954697221294,-0.2843265185158774
DNK,1969,-3.9234474308053726,-5.391421514221311,2.0554736787177994,8.500000089406967,0.8615039800878447,8.357,-5.153454531489309,0.03751233453902714
DNK,1970,-3.892008299718624,-5.192897970933022,2.0500467761529673,9.49999988079071,1.5406127140918726,7.6187499999999995,-6.155423226146098,-0.06689777657932261
DNK,1971,-3.854574109936382,-5.106969350545392,2.0745698532625916,8.187499642372131,0.12346866227771638,7.719642857142858,-4.863254223316145,-0.18224884349588155
DNK,1972,-3.7936350686910583,-5.047270396917663,2.1047395600441003,7.770833373069763,0.6119587896545339,6.644961240310076,-2.81699248517084,-0.20416576258213714
DNK,1973,-3.747589545839708,-5.079128871114417,2.1349671190207253,8.104166388511658,2.9439778708396815,5.851677852348993,-5.067106074056241,0.25903634827806865
DNK,1974,-3.7811121679660493,-4.977768859556118,2.117738169502063,13.3366659283638,1.8721977670991719,5.082941176470588,-6.51234723553045,0.16240561069958837
DNK,1975,-3.7650254494150706,-4.929792663540543,2.1272098362367364,6.470832973718643,-2.404825680666066,4.255026455026455,-4.1608256949410904,-0.19304635746987486
DNK,1976,-3.706500786076128,-4.873204494986143,2.158853340225106,10.279999673366547,-1.2343146753520464,4.494036697247707,-7.412568047348698,0.012099943800115032
DNK,1977,-3.711659391332979,-4.854685645783059,2.1767271468725085,14.481666684150696,-1.5418315151566195,8.779166666666667,-6.424967177525505,0.055518065936077665
DNK,1978,-3.7023755896441175,-4.818215037864204,2.191169309695768,15.42000025510788,-1.2052484665376197,14.09509433962264,-4.833611123277754,-0.02029382216838549
DNK,1979,-3.690339366088619,-4.7622442685190345,2.214903756807708,12.63333261013031,-2.142644128744487,19.374657534246577,-5.271790571933632,0.11156515034578618
DNK,1980,-3.728010303509138,-4.730855335792496,2.1973541056994317,16.927500069141388,-3.8908104430679322,27.121202531645572,-3.6258850926455453,0.07557386934181087
DNK,1981,-3.7438544159848446,-4.664078683667387,2.207812007662733,14.839999377727509,-7.09650396902839,36.51768115942029,-2.370114353083104,-0.018771366840597548
DNK,1982,-3.7067210451551778,-4.5882216170391645,2.23374439673252,16.918332874774933,-9.193975358652148,47.9272040302267,-2.122634055167309,-0.055152149149876095
DNK,1983,-3.675947578468769,-4.534092432758581,2.257160559603805,12.809999287128448,-8.968321529166436,54.166666666666664,-0.3885707687352463,-0.12927215052715324
DNK,1984,-3.6377294741613873,-4.515081448933674,2.2851581925085322,11.772499978542328,-6.44014262999665,63.55734513274336,-1.0605602443797397,-0.13079861842871843
DNK,1985,-3.6025894654965507,-4.529844815581518,2.308293544545126,10.33250018954277,-3.1914801486997715,68.39349593495935,-1.804940920340642,-0.1598528704130726
DNK,1986,-3.5692792936615834,-4.573991710516003,2.330018041545766,9.224999696016312,1.3955049865273106,66.21381381381381,-1.8265750034817456,0.08682824674341205
DNK,1987,-3.5607041840269633,-4.560748070698821,2.3346576287945244,10.108333081007004,1.160032231846964,60.581714285714284,0.18037819776473504,0.055823148983999094
DNK,1988,-3.5672555040472047,-4.545580096972221,2.3379686415018903,8.527500182390213,0.02339800812756644,57.14535519125683,1.2648808921182244,-0.06325049546383887
DNK,1989,-3.5595878800036087,-4.5309640300638545,2.346070811705577,9.593600034713745,-1.0303822198402732,56.583963494132995,1.5528506247582097,-0.07346310190240679
DNK,1990,-3.5469524517902666,-4.502580728099818,2.3629896803232864,10.892999917268753,-2.304930769382261,57.68998748435544,2.715458575736295,-0.030998295581409874
DNK,1991,-3.5331367029757903,-4.483001690540706,2.378328224825108,9.699500352144241,-3.5355650490069714,58.83949275362319,2.7391589779412024,-0.06460771819611288
DNK,1992,-3.5213771537506964,-4.443117815651371,2.390544840910622,11.035100370645523,-3.5319067362540415,63.8421856639248,3.9946948594007514,0.018934169341106033
DNK,1993,-3.53126871747378,-4.402077110642389,2.398685728271546,10.405399650335312,-4.334245342907668,66.9946162657503,4.816740057065945,-0.13148492829078395
DNK,1994,-3.486820944904273,-4.35226294511164,2.4533588312465056,6.1344001442193985,-4.158316943969684,66.1340932642487,4.164770268492936,-0.05584068862639002
DNK,1995,-3.470048352477423,-4.3359919117830525,2.4678926682374884,6.069299951195717,-3.8050809441992075,68.7221010901883,3.096299112802237,-0.040616028745858346
DNK,1996,-3.4481563816245817,-4.347809259804408,2.487006441327084,3.869299963116646,-1.8401253744759962,69.23421300659756,3.454419269124559,-0.027419237096150795
DNK,1997,-3.4198315646375237,-4.366937321641375,2.4950572270214955,3.6584999412298203,-0.6742694208373777,70.8180095503521,2.722912462789215,-0.009653126757229069
DNK,1998,-3.40229778437657,-4.3610042096100665,2.4930109797935684,4.14620004594326,-0.03119762908811086,72.40180609410665,1.4095510411593248,-0.04353466536644879
DNK,1999,-3.380117195131673,-4.358085844507869,2.500547477970447,3.3075999468564987,0.3519071268039575,67.05508317442319,3.3289818152455353,-0.10707089889012322
DNK,2000,-3.343651074135997,-4.359214687547885,2.520081704075491,4.907400161027908,1.4449343456590729,60.39998021583289,3.7205118804079973,0.07307700443777554
DNK,2001,-3.3368835906223717,-4.362641367780659,2.511671699329406,4.618600010871887,0.7756322733662241,58.38596838003851,4.202420570567003,-0.024683800782679066
DNK,2002,-3.3359138693401804,-4.356400870643317,2.51117702153322,3.484800085425377,0.5166382805154919,58.2495408807368,4.1158116961390006,-0.04219149188982341
DNK,2003,-3.34074532366482,-4.346382669415251,2.5172807254873124,2.375260926783085,-0.13523565847071256,56.64719291720003,4.146236198828681,-0.0444271741092328
DNK,2004,-3.306049769492682,-4.314528768248767,2.54081226866435,2.161666750907898,1.7513934919556462,53.598703025069895,3.471126974168937,-0.1121286869140341
DNK,2005,-3.274417990289721,-4.337559432874637,2.550738215694739,2.1994750946760178,5.260266878956301,45.35869784682926,3.6917896853913703,0.06694427920047952
DNK,2006,-3.2375175813163106,-4.343118800417648,2.564257547627993,3.1814899295568466,5.366113961644494,41.022394371376386,2.3670059936803693,-0.07103294503570678
DNK,2007,-3.2240585784555056,-4.247310680314274,2.5591556292376745,4.327499866485596,5.01280936262703,34.06389801234498,1.41069478693705,0.04480401062914985
DNK,2008,-3.2274434658462674,-4.234698590714488,2.5386227243423325,4.880833253264427,3.357202896605693,42.17385360204591,2.020744270993686,-0.00441455763890497
DNK,2009,-3.289215977543969,-4.165201013337752,2.5096863445862825,1.809166744351387,-2.1988308040778777,41.78016060537078,3.678383155410291,0.052689555632747576
DNK,2010,-3.265039388295619,-4.12655041461151,2.537832074573588,0.7018666714429855,-2.6191026290643884,42.6,4.190172141804169,-0.08476252135172646
DNK,2011,-3.2762920482234645,-4.132751917110763,2.5412342969675024,0.8877333253622055,-2.2032065660039057,46.1,4.8442767480634235,0.04095385150045838
DNK,2012,-3.2774153131316366,-4.099627120344673,2.552311807346217,0.08008666918613017,-3.552555148681227,44.9,4.531329712141507,-0.12976823654661906
DNK,2013,-3.2684303547814375,-4.1400399065106575,2.5573135905703377,-0.023101666010916233,-1.4539220586566135,44.0,3.8504111747653407,-0.07372709987203563
DNK,2014,-3.2498862829677377,-4.128679086349785,2.5696521270371417,0.06411583162844181,0.9424252949270941,44.3,3.300058315688291,-0.034984777855412874
DNK,2015,-3.2305092761606655,-4.1249429282020404,2.582800672454916,-0.12600832851603627,-1.5670637429044751,39.8,3.0975032452819127,0.03625843939819351
DNK,2016,-3.204462255832653,-4.146863287231746,2.5963182903709474,-0.44,-0.46754727998925527,37.2,3.276754466779717,-0.011086054386576727
DNK,2017,-3.1827137548018554,-4.170723744974627,2.6122187605971394,-0.44,1.5868050488836944,35.9,2.820115277980444,0.14311948168443167
DNK,2018,-3.168182415719184,-4.1593162469601355,2.627656749154408,-0.49,0.7722839614723335,34.0,1.9523180556657274,0.016101713504304005
DNK,2019,-3.151431002208657,-4.170074261496729,2.6312389144127444,-0.55,3.8547621396276375,33.6,3.68207759630363,0.07456224670518896
FRA,1950,-5.173595370882598,-6.636330160703719,1.0339755478278885,2.4299999698996544,-2.7491531342851543,39.98,0.04520502025991783,1.3326816257380232
FRA,1951,-5.104916574103513,-6.586381617290884,1.074318549756125,2.7000000700354576,-3.110687013786579,33.87,-1.021163461077527,1.2410572111190685
FRA,1952,-5.073592483609723,-6.480941182391773,1.1004606361977252,3.709999844431877,-5.144342578069744,32.87,-1.1769591686942498,0.34360906318875806
FRA,1953,-5.024529137125864,-6.429608284282995,1.13906142646448,4.039999842643738,-4.503882085304083,35.0,-0.3324493727865279,-1.4507434018749716
FRA,1954,-4.971793113568053,-6.463302271985739,1.1860635835352056,3.5900000482797623,-2.1054277797240686,34.37,-0.07658311208003199,-0.735950841302377
FRA,1955,-4.91860977412454,-6.418755529954639,1.2344642112804425,3.1599998474121094,-2.799818548640176,33.269999999999996,0.34722047846194115,1.0755581189717374
FRA,1956,-4.860421064473161,-6.294006865144652,1.292494686731287,3.189999982714653,-3.9489805669931592,32.99,-1.8192912940831159,-0.2997964855027284
FRA,1957,-4.797132047481027,-6.1584225719442145,1.3455968364024415,5.350000038743019,-2.9780843939685506,32.6,-1.7187723451837413,-0.4730666728015631
FRA,1958,-4.8014537009056975,-6.333381220741834,1.37077935278898,6.490000337362289,-1.0328854895064845,32.019999999999996,-0.8045800078320299,-0.05228285008555389
FRA,1959,-4.7865163595026425,-6.32598232289005,1.3935137152976527,4.069999977946281,0.24384339884175346,31.480000000000004,0.9389413715755615,-0.20676103143622182
FRA,1960,-4.730538795408533,-6.363162213921608,1.4565937338435535,4.080000147223473,0.6399512488549961,28.499999999999996,0.9387687699378477,-0.13287834616336625
FRA,1961,-4.689927664950529,-6.3003183060118655,1.501590190357094,3.6499999463558197,0.37560555502510895,26.31,0.8031533650616908,-0.13673618923528785
FRA,1962,-4.644236393543541,-6.224680734928857,1.5467837633152786,3.6100000143051147,-0.6300918858158897,23.61,0.043131289802873646,-0.4187856320332388
FRA,1963,-4.590544096650538,-6.118413940548364,1.588794497018843,3.9799999445676804,-1.3633282806211018,22.17,-0.6375740320240317,-0.19983545079988208
FRA,1964,-4.529898169968676,-6.16313977808455,1.6258305378376432,4.740000143647194,0.8745538279508817,19.59,-1.05877248350595,-0.1449307529326198
FRA,1965,-4.492409729983957,-6.113364960679801,1.6579332775642628,4.210000112652779,0.5364102056363349,17.59,-0.20486920088825286,-0.10521623952227621
FRA,1966,-4.450203650054445,-6.072484414846135,1.6919008106772448,4.780000075697899,0.20725085529824439,15.310000000000002,-0.7966089713417436,0.005142672675100712
FRA,1967,-4.407588639010699,-5.9718758300211086,1.7339414374671114,4.800000041723251,-0.9876115349759546,16.05,-0.7535198506815329,-0.1583999091421422
FRA,1968,-4.372585479587978,-5.9317946004844995,1.7711811095538224,6.150000169873238,-1.4128568461761772,15.83,-0.8597623291267598,-0.457094311019155
FRA,1969,-4.2997610831060715,-5.900684820137235,1.8394396553514891,8.959999680519104,1.156602417055798,14.39,-1.526986534189215,-0.22119400942540146
FRA,1970,-4.2479465424920635,-5.872679056167134,1.8800641713953885,8.68000015616417,1.4793975339798011,21.02,-0.695552128002473,-0.14246466909003264
FRA,1971,-4.20123628421343,-5.85845870818703,1.9140862737178779,5.840000137686729,1.3551555386987921,20.06,-0.31568099252468124,-0.08578845781094024
FRA,1972,-4.158912175730731,-5.826638997308503,1.957355275759444,4.94999997317791,1.8438608633640314,17.71,-0.2729697331402754,-0.08658538563431017
FRA,1973,-4.1012124849776,-5.7793030059804185,1.9995589786804155,8.910000324249268,1.8635819026843417,15.83,-0.4069100763722848,-0.05727862401073258
FRA,1974,-4.081889991132785,-5.768947615182567,2.031283313236407,12.90999948978424,2.850095493896707,15.42,-2.339230694316221,0.11070488324225947
FRA,1975,-4.078116567319919,-5.652549833118075,2.021614247171781,7.919999957084656,-0.27616826241561504,16.09,-0.2569728554562328,-0.04100587979503523
FRA,1976,-4.029046857720524,-5.621162404623364,2.0357803757008326,8.560000360012054,0.9454834230107534,15.1,-1.9501542771852345,0.07542902611071511
FRA,1977,-4.005617639843599,-5.587533246309615,2.0658434047200673,9.070000052452087,0.36590407586351054,14.99,-1.348854824670475,-0.0800812962263735
FRA,1978,-3.9704529754420066,-5.441682255895831,2.101462577830206,7.980000227689743,-0.40732613341365126,17.24,-0.48098525324334057,-0.012091871042666735
FRA,1979,-3.942890398127193,-5.410431911953659,2.1220350866917834,9.040000289678574,-0.004520228020395722,19.82,-1.02381760075841,0.015809641844008127
FRA,1980,-3.9488648314895705,-5.393254753207247,2.127411316746777,11.85000017285347,0.010182172344336883,21.024500000000003,-2.6806892731566703,0.0909275255450126
FRA,1981,-3.957883193201221,-5.3462208769906905,2.1363099760518875,15.299999713897705,-0.9896369501063796,22.2404,-2.33732142274638,-0.022293476626859654
FRA,1982,-3.9374646832429177,-5.301364501731246,2.178208243204293,14.869999885559082,-1.424429468812551,25.5791,-3.3945257964121014,0.013292640914948972
FRA,1983,-3.9275475745170274,-5.273570059199258,2.190137280042015,12.533333897590637,-1.884976756770047,26.921900000000004,-1.9558344245121624,-0.04976252382911239
FRA,1984,-3.9238222446975195,-5.254487505902458,2.2040298386035944,11.740833520889282,-2.3195621119330236,29.345,-1.2646909829912547,-0.04343644862587848
FRA,1985,-3.9156252738091784,-5.234916452438082,2.2295881203776937,9.934166818857193,-2.3202131745346652,30.958800000000004,-1.2278591514368293,-0.05816778654380261
FRA,1986,-3.8724258041184925,-5.211200265303298,2.2451571079795327,7.742500305175781,-1.9618313863559311,31.527699999999996,-0.6054572580352364,0.03468658938171032
FRA,1987,-3.8598705219480167,-5.215398286819802,2.252706218306004,7.9758331179618835,-1.4221076820450889,33.8425,-1.084689175582604,-0.1201110160647465
FRA,1988,-3.813401472581799,-5.1883672179053235,2.2815933963819774,7.52333328127861,-1.8615132698886232,33.7152,-1.0790223183594143,-0.08250593033535081
FRA,1989,-3.782777568241047,-5.197052189944932,2.310653942455386,9.07166674733162,-1.2498984576596002,34.435,-1.3226443411790918,-0.07319506375748697
FRA,1990,-3.7651594144417104,-5.175525630281782,2.32696052927941,9.84666645526886,-1.818525247117827,35.5535,-1.3956687805357058,0.004579658444498591
FRA,1991,-3.767139578471377,-5.172723775940203,2.329815355479969,9.490666538476944,-1.6554838532387468,36.3396,-1.1370854375136021,-0.12165108753579457
FRA,1992,-3.7610343802995683,-5.142195091051009,2.342979832229462,10.351666808128357,-3.1477926723920717,40.0874,-0.26335929883866743,-0.0058837520403502985
FRA,1993,-3.7773154883459203,-5.090707757471841,2.340165737368709,8.749166876077652,-5.0313496229377135,46.4885,0.5516958198275861,-0.03095203077630737
FRA,1994,-3.7658724469131273,-5.100813339181881,2.355530856305716,5.692499876022339,-4.529747844460433,49.7684,-0.04677352976220571,-0.17531012026804982
FRA,1995,-3.7561267288707803,-5.09987830281214,2.3732221709263515,6.354166567325592,-4.076097886105989,56.1059,0.2060478659406568,-0.07775899845246004
FRA,1996,-3.7527359468508923,-5.099969809544895,2.3794764554768286,3.7283334881067276,-3.456613850411973,59.9984,0.36550775103181166,-0.04370629680722926
FRA,1997,-3.737406686010635,-5.083900415204939,2.3926433088478705,3.240833431482315,-3.5405178155242587,61.425,1.265497938533305,-0.1471480289151912
FRA,1998,-3.703834164101518,-5.1021900618992655,2.4153334653440988,3.3925000578165054,-2.5720173741175407,61.34739999999999,1.0487991159958017,-0.048655639403624384
FRA,1999,-3.6782764416603335,-5.073895376122885,2.429849017807267,2.7305249124765396,-2.2357617671390253,60.4965,0.36709519421498565,-0.105964288959989
FRA,2000,-3.6461299520007584,-5.0838769118948095,2.4532597843053576,4.2405251413583755,-2.1749172350591977,58.882400000000004,-0.898088375034241,-0.050704857453649055
FRA,2001,-3.628396626497239,-5.056561835203052,2.4650231800283104,4.257899895310402,-2.1161747497074495,58.343900000000005,-0.7048498244701599,0.0170884873722148
FRA,2002,-3.62137019603704,-5.028199193570754,2.481579628337938,3.295133262872696,-3.4504345241206735,60.258,-0.4072856711900376,0.04789831660294386
FRA,2003,-3.6210330683633947,-5.046938586957295,2.4816672914210613,2.2755416110157967,-3.761775863358893,64.4127,-0.5460958896549057,0.007695381809436963
FRA,2004,-3.6040484595284386,-5.028270370641519,2.491449231318382,2.0249083638191223,-2.7610020780284694,65.9391,-0.9978175125981568,-0.08602932126659946
FRA,2005,-3.5917092885319586,-5.030963648005464,2.496112413428817,2.071041613817215,-2.731234126411106,67.383,-2.0816521840076314,-0.05075956957064376
FRA,2006,-3.5688372197922766,-5.060333331863673,2.514019175925902,2.889150008559227,-2.385952230093753,64.6108,-2.420310894510242,-0.06641966986250591
FRA,2007,-3.5405317105791436,-5.035658677697604,2.5111181249725516,3.8640499114990234,-2.4285552396258243,64.5355,-3.108851526764742,-0.011612731102569551
FRA,2008,-3.54821781528155,-5.026338335190932,2.5000669969587053,3.6189332604408264,-3.458276031680699,68.7783,-3.7005992832692574,0.19943286773862634
FRA,2009,-3.5828945715963165,-4.998167781681384,2.4771460031862036,0.6472249981015921,-6.066239693620498,83.0389,-3.124732109013425,-0.13013416413537926
FRA,2010,-3.5729179875687476,-4.934832338245679,2.4870843933151816,0.37625832483172417,-5.590718938459543,85.2569,-3.3877799155911754,-0.08069760058001818
FRA,2011,-3.5675367221226346,-5.012282074423406,2.49564922994073,0.6933583412319422,-4.498901800406042,87.8344,-4.479857595989836,-0.01640205518272775
FRA,2012,-3.5770524714895826,-5.021622749553475,2.4939091317247115,0.04933333257213235,-4.199005746829282,90.604,-4.093490820584412,-0.024427611013625228
FRA,2013,-3.577222851602447,-5.0353597601732725,2.5003551687834156,0.04306666669435799,-3.252378507539949,93.4132,-3.8389109333177167,0.012412581950396406
FRA,2014,-3.5721856467321893,-5.032691359796855,2.505640695004349,0.057291664415970445,-3.3329689524203805,94.8887,-3.5492251478650023,0.010203616475032984
FRA,2015,-3.554429570585534,-5.020345821883237,2.5105932492865337,-0.1990749966353178,-3.4458650529104387,95.5797,-2.822466194087424,-0.018014585882827117
FRA,2016,-3.5427634815978797,-4.996208484863454,2.511868254501325,-0.3194,-3.676466309689367,97.9568,-2.849880199397618,0.0005907226292087842
FRA,2017,-3.5278090182275013,-4.979738482401911,2.529157127121996,-0.3534,-3.2451522303701577,98.1321,-3.335695586272581,-0.0062662473445094236
FRA,2018,-3.5209622058879466,-5.006631857521795,2.532954035678777,-0.3629,-2.900386153972439,97.7815,-3.478263077231637,0.006842635519237916
FRA,2019,-3.5032352251004153,-4.998881654569743,2.536312940774332,-0.39170000000000005,-3.6152664365255687,97.4591,-3.2328465910605972,0.1687893458771912
GBR,1950,-5.048811714160993,-6.377121001616024,1.592379508503799,0.5200000014156103,11.924329353388119,216.91815964336786,-0.42642270119398135,1.0867637115439601
GBR,1951,-5.023203488653931,-6.255455722399709,1.6037353171263744,0.559999980032444,6.4861504455342835,196.7626063183475,-4.786903363956622,2.0787524919808877
GBR,1952,-5.0451314929902304,-6.281547731239932,1.6184390556938515,2.199999988079071,4.21253579382756,180.85820113215462,-1.7435571110404073,0.5865062747517271
GBR,1953,-5.014647441204868,-6.278545019282143,1.6579226858012768,2.3000000044703484,4.18571513388351,169.75748093096027,-1.4605474084189278,-0.9036335864145002
GBR,1954,-4.987913489056501,-6.266664541703467,1.6785307962862817,1.7899999395012856,5.243298040099125,163.22562810983476,-1.1995945032664992,-0.9716891540842099
GBR,1955,-4.957969372992565,-6.30902228293596,1.6975406321731463,3.750000149011612,5.722579307484968,154.18590000572706,-1.6535351441011839,-0.5225845096596782
GBR,1956,-4.931332603816402,-6.284595232039495,1.69865776001806,4.94999997317791,4.996894855013614,143.75884261475454,0.21019442984760922,-0.575925732819746
GBR,1957,-4.9159639595338085,-6.285093586698191,1.7078550535645018,4.809999838471413,5.721370604147882,135.73453996983406,-0.17583408476104664,-0.362091965801266
GBR,1958,-4.900667918468625,-6.257574552681038,1.721154347280778,4.560000076889992,5.045122475290074,131.12764932562618,0.09454232917920173,-0.3339276206742081
GBR,1959,-4.8659962125131555,-6.212798530297666,1.739583582717075,3.3799998462200165,4.147181885306425,124.87041430918049,-0.5250635819181215,-0.19811617139924387
GBR,1960,-4.810225713046354,-6.161735589875766,1.7757595911778132,4.890000075101852,4.711901943564094,117.9443546328597,-1.5922715643972654,-0.1710988479629325
GBR,1961,-4.7870259378061935,-6.135244231919446,1.7886673915335458,5.139999836683273,5.36821358179537,113.75166136372789,-0.5733739473212675,0.022778518199809028
GBR,1962,-4.791111292393034,-6.129959058351332,1.7884157947100314,4.170000180602074,4.475773336983304,110.52126306049273,-0.4106214070626855,-0.14342263037664527
GBR,1963,-4.756288036554937,-6.130497465278495,1.8207195188337029,3.669999912381172,6.011579285944033,108.55433082323837,-0.4599549694435532,-0.20468739754722165
GBR,1964,-4.704275426639773,-6.11585897053011,1.8514838402177576,4.5899998396635056,7.850049944180027,101.08108108108107,-1.6863505493859827,-0.15907743973371424
GBR,1965,-4.67408379280214,-6.05350304225638,1.8557828057983754,5.909999832510948,7.670161334130044,94.60615480261112,-0.7822260850670875,-0.18794177663470446
GBR,1966,-4.651333615887711,-6.018588884751217,1.869116582173982,6.120000034570694,8.85153492623722,91.94929428680419,-0.3656399969530003,-0.013333084705045017
GBR,1967,-4.622936667579361,-5.926669609141221,1.8981614469623427,5.810000002384186,9.700955215283443,89.14785081117243,-1.5528248451975237,-0.29459851174949936
GBR,1968,-4.572463410594388,-5.877133701624606,1.9442343741021528,7.029999792575836,10.68012056087013,88.54834114630546,-1.6817367754335395,-0.4389095613269003
GBR,1969,-4.544504691461352,-5.882884051363826,1.9518160035376935,7.63000026345253,12.694456727097316,82.8373963920039,-0.5687984885637325,-0.30478240088963915
GBR,1970,-4.492114951376898,-5.850734413161749,1.983369445222568,7.020000368356705,10.901463762941809,73.23539180302461,-0.167797215280256,-0.12108261554962585
GBR,1971,-4.472124175945326,-5.8285852315635545,2.02258671673724,5.5799998342990875,8.750656418580226,65.55450998843341,0.19254945019970826,0.09471713338717169
GBR,1972,-4.429606136640267,-5.750433356265855,2.0616741072655107,5.51999993622303,7.177101358826699,62.04161833699773,-1.1744347678080047,-0.26488669846809465
GBR,1973,-4.374035611619424,-5.728084072894125,2.0807661465292826,9.380000084638596,11.152325339405294,54.56218471233931,-3.275919056887877,0.16326605744024558
GBR,1974,-4.3957061731950855,-5.62852010304529,2.0547765878875794,11.379999667406082,12.422460933278575,51.60144042183782,-5.789223420580543,0.2701763242508024
GBR,1975,-4.383323007008671,-5.526585211860027,2.0325294897938626,10.180000215768814,7.2222802255168075,46.677779697712005,-2.9398969861488107,-0.16410010234061723
GBR,1976,-4.354479764172314,-5.483144397906826,2.0610765352564915,11.150000244379044,4.910087719298242,48.88443392150425,-2.982456140350878,-0.2522257157766816
GBR,1977,-4.339586964391451,-5.519654971802589,2.081790530332526,7.660000026226044,4.6225019432812635,50.45863978183621,-1.5295504124771224,-0.1902345351689254
GBR,1978,-4.2587600045952945,-5.4525447274256,2.1175582749721706,8.510000258684158,5.847597625876437,51.62611167618601,-0.9206993225245772,-0.05328551839459372
GBR,1979,-4.196137549044993,-5.4011505491666565,2.141049494065594,12.999999523162842,7.919813587444354,48.739783353808704,-1.5930294760320252,0.34014589141207985
GBR,1980,-4.176303686784694,-5.341039573293231,2.132873951428867,15.119999647140503,5.606958022959621,42.568,0.4331423242478785,-0.03614008966996085
GBR,1981,-4.179218926367635,-5.295036726825638,2.1638132976341495,12.980000674724579,4.195019557884784,44.778,1.0308886840460816,0.3975631519373115
GBR,1982,-4.15994202842888,-5.271884187192918,2.1849593129389104,11.379999667406082,3.373678287392745,43.05,0.505957698926955,0.015559068860341974
GBR,1983,-4.113808914129186,-5.239408836327327,2.227460637703822,9.589999914169312,3.213962994529854,41.852000000000004,-0.5396037205006659,0.11119390804440865
GBR,1984,-4.083903295711693,-5.203476423759941,2.2214453883975893,9.300000220537186,3.564520146481325,42.242,-1.5199291971615279,-0.1873748790040528
GBR,1985,-4.041761341989089,-5.178998714288325,2.234035448918361,11.59999966621399,2.4077593013344925,41.305,-0.9064107919384019,-0.26088088225818495
GBR,1986,-4.0027115888212945,-5.166248259454318,2.2538209843577346,10.339999943971634,3.1839699256879483,41.274,-2.23317001261311,-0.37315529419195137
GBR,1987,-3.931613055122536,-5.135228559237276,2.2874794989184957,9.229999780654907,4.14025061161649,39.335,-2.436994433987737,-0.4723808142168391
GBR,1988,-3.85793337927772,-5.1418170007461415,2.2941057741615287,9.799999743700027,5.671966617504227,37.08,-3.962013022051154,-0.17333329682418253
GBR,1989,-3.8107708495113637,-5.132211762457643,2.29373385502121,13.279999792575836,6.854216622637675,32.539,-4.099004267425319,-0.05773663697930376
GBR,1990,-3.795852533823158,-5.050321757905779,2.2916750979062495,14.090000092983246,4.3953107529337645,28.559,-2.8780082194684655,0.13358472814670774
GBR,1991,-3.817780636486926,-5.012297066733582,2.2905197767436625,10.819999873638153,1.2711846422219992,28.498,-1.5446626515058277,-0.2520846563190853
GBR,1992,-3.827581460458115,-4.945863051066912,2.3149790213123405,8.940000087022781,-1.8877638110324344,33.241,-1.8827112024525645,-0.27406825393283896
GBR,1993,-3.803066731625497,-4.915273484986034,2.3387164777226164,5.209999904036522,-1.509306286896532,37.994,-1.7994228779876973,-0.20871579471446777
GBR,1994,-3.7742208742148837,-4.895056922128595,2.3586691928584718,5.1500000059604645,-0.42780340494578184,40.79,-1.4739827819901554,-0.5277342272294465
GBR,1995,-3.7549287849970727,-4.87848787102346,2.367023882294905,6.32999986410141,-0.34527699512908183,43.738,-1.723161921549693,-0.1296071685526372
GBR,1996,-3.7162145008159655,-4.878162115923663,2.370406085733353,5.779999867081642,1.0218494256418287,43.846,-1.7942012157714438,-0.16444354972718322
GBR,1997,-3.6930987101122854,-4.877004797233037,2.3939419192018905,6.480000168085098,2.965929549594003,43.267,-1.6314134696641227,-0.0641864972372419
GBR,1998,-3.6655191420513655,-4.8707963225700075,2.4128621932005316,6.81999996304512,3.97318289362708,40.929,-2.179766367029343,-0.0730526816950654
GBR,1999,-3.640277330895267,-4.860043229369209,2.4292038534834015,5.040000006556511,5.491041008858224,39.431,-2.795282013877559,-0.050112948091848075
GBR,2000,-3.599235120599302,-4.734609608582486,2.4601139906807625,5.799999833106995,1.7181611288120147,36.734,-3.147200728265817,0.038325456075317454
GBR,2001,-3.57600648061284,-4.684071169354503,2.465626916441154,4.760000109672546,0.5929828033235724,33.999,-3.2868865162960823,0.07453757339983769
GBR,2002,-3.55024542861886,-4.620476627659258,2.4783438054292413,3.8600001484155655,-1.6471819721490464,34.215,-3.3207430507016498,0.06640234047538884
GBR,2003,-3.5099540236702715,-4.542228772295737,2.4986566190437913,3.5599999129772186,-3.048723382302748,35.398,-3.717628197496766,-0.05424064766618475
GBR,2004,-3.477566219055653,-4.484015037151709,2.5066227477893954,4.439999908208847,-2.6936902543477954,38.391,-4.591867976519416,-0.07510529178237269
GBR,2005,-3.4442764384394198,-4.434096761011004,2.512651506723875,4.549999907612801,-2.707093743034003,39.592,-4.231754088147375,-0.05304167289147843
GBR,2006,-3.4164688594406383,-4.405700949887913,2.522479377265604,4.650000110268593,-2.652090237702154,40.516,-3.9920174548764082,0.004983368434971602
GBR,2007,-3.39216220911048,-4.378847442479832,2.5319352072979426,5.530000105500221,-2.4640089663568454,41.547,-5.896989957937998,0.11249231356281886
GBR,2008,-3.400926738408067,-4.309072166736773,2.523817965972237,4.320000112056732,-4.781479554052161,49.327,-5.850688537058907,0.1605744477577722
GBR,2009,-3.4507599953978403,-4.298897578372585,2.486133396935489,0.5299999844282866,-9.469533497739421,63.193,-5.368500822030415,-0.07972492792593355
GBR,2010,-3.456433543207074,-4.290776522778741,2.5086709151591857,0.4999999888241291,-9.030545312446694,74.273,-6.170965671026147,-0.06895972637678405
GBR,2011,-3.473500375329848,-4.341106169127505,2.5075116972564295,0.4800000227987766,-7.221045229465673,79.975,-6.058128467711163,-0.08122239471425852
GBR,2012,-3.4774227512549722,-4.331606689654294,2.502932369661969,0.31300000846385956,-7.645604770660315,83.161,-6.265935847050724,-0.12549700958666943
GBR,2013,-3.4681573917801707,-4.377137287479914,2.5076249709864427,0.3019999945536256,-5.344434809037695,84.156,-6.282334767490819,-0.10783498214030152
GBR,2014,-3.4450404477213934,-4.367707258085863,2.514381064421955,0.3800000064074993,-5.599036756953822,86.061,-6.451681677808205,-0.13557748774903722
GBR,2015,-3.4223628578391567,-4.369797919109573,2.5285420237611143,0.4399999976158142,-4.4278869705231205,86.72,-6.172347009009864,-0.06441703589779846
GBR,2016,-3.395951957512432,-4.372755218784705,2.5262909889297,0.20239999999999997,-2.954322987070563,86.775,-6.680070989438859,-0.03446210841391939
GBR,2017,-3.3894031979575803,-4.378289228897718,2.539500273281792,0.4123,-1.919611585857524,86.314,-6.709227744603013,-0.005473165058693219
GBR,2018,-3.3839066455509426,-4.378485377740461,2.54105902485458,0.6998,-1.8507804523588318,85.775,-6.5807595728437525,0.04069803626128632
GBR,2019,-3.3706337572581004,-4.369694369336965,2.542691539431093,0.7098,-1.8230528053463806,85.243,-6.215870469471014,0.17778657447800716
ITA,1950,-5.685077062737342,-7.406325295092724,1.2368944684382408,4.71000000834465,-2.5037304764557877,30.19335754040738,-1.2158438681510004,0.019683531593173598
ITA,1951,-5.653345994859543,-7.279662448651472,1.3115782462355658,4.71000000834465,-3.9919734607037216,29.96221388315994,-1.6611401579544172,0.21703084204444067
ITA,1952,-5.5992834957461,-7.170227584448856,1.3361093838938836,4.360000044107437,-4.219293596574099,31.770003119440332,-3.296594642515175,-0.6665636753550421
ITA,1953,-5.515188666984305,-7.271189260758574,1.3814676515625777,4.170000180602074,-2.4107735174341087,32.45557168642726,-2.2639756696451787,0.2046362461690321
ITA,1954,-5.486416089124262,-7.248698809176376,1.3893751558711656,4.170000180602074,-1.9058246910335088,33.965076006819224,-1.2647691312631721,-0.28051427226430503
ITA,1955,-5.424425931203872,-7.150769050690051,1.4349819689670673,4.170000180602074,-2.0968108707606694,33.81815211159262,-1.1632962226515404,-0.08548282711280741
ITA,1956,-5.371530901287035,-7.1509230271522535,1.4563721533438272,4.170000180602074,-1.5121550750430426,32.72693720600204,-1.2903341286725953,-0.08032243030474584
ITA,1957,-5.317513560514515,-7.10201040548152,1.4855441029127505,4.170000180602074,-1.133184666381176,31.993612415734475,-0.9171965724114194,-0.04374024831313683
ITA,1958,-5.2764027862486556,-7.037419896951949,1.5138088396035068,3.8600001484155655,-1.0135206968610722,31.77145816627308,0.4845692005361041,-0.08823942709224175
ITA,1959,-5.221315904627791,-6.887687217685399,1.5503685419034283,3.6299999803304672,-1.031946463794094,32.79761287247822,1.1311216829163149,-0.2400681155995592
ITA,1960,-5.157293907670322,-6.924879434545838,1.5936620434609627,3.6299999803304672,-0.2850818097390799,31.205364776739785,-0.19825482536342956,-0.1399569129807916
ITA,1961,-5.073612489183519,-6.795688759050566,1.6485791124448237,3.6299999803304672,-0.5917983682927894,29.492217836411168,0.07436739944964268,0.05996928155459447
ITA,1962,-5.002003588166702,-6.709284791926675,1.7081669716190802,3.4699998795986176,-0.9792570516092013,28.448674423244462,-0.4085219499042997,0.11959959674920784
ITA,1963,-4.942077953494786,-6.698923883730312,1.7564104972327421,3.5900000482797623,-0.31251342904949275,26.580297960650856,-2.0592514765652847,-0.026082055342665722
ITA,1964,-4.911167771351255,-6.579239019014327,1.774676094281511,3.6299999803304672,-2.436445372486867,26.467477289394147,0.2941127289571189,0.0202242639637511
ITA,1965,-4.8862963486082815,-6.53389314409556,1.830911695080317,3.6299999803304672,-2.7664529285682695,27.546236489631315,2.462585387147811,0.24113981832436204
ITA,1966,-4.83683971765073,-6.45808414956426,1.8784680182022255,3.579999879002571,-1.6433092700101488,32.215459925498635,2.0647449271634932,-0.22097304021820907
ITA,1967,-4.769194088396513,-6.453476823111291,1.9160677643335176,3.579999879002571,-1.0016164092357926,31.797009095375138,1.2930771505827965,-0.11878534845367295
ITA,1968,-4.713107512657289,-6.245794146609414,1.9684868553062713,3.5599999129772186,-4.632420639192328,34.19836551388285,2.304858628498278,-0.22656076494080812
ITA,1969,-4.6382626106893134,-6.102939666132101,2.0176378497031067,5.000000074505806,-6.609309148245646,34.815237160516084,1.7340100293701441,-0.36419077266325495
ITA,1970,-4.569373715585041,-6.136127056469034,2.0575463926809663,7.379999756813049,-4.83125127483956,35.72882316201894,0.39973923191046057,0.1807608929390434
ITA,1971,-4.541838737629358,-5.988469486826183,2.0680498905909177,5.758333206176758,-7.272149252657838,40.387467415077964,0.9551532200737067,0.15220506907817732
ITA,1972,-4.508145688529086,-5.964183442963242,2.089399870753109,5.1750000566244125,-7.008176281818835,45.913834450897305,1.004341045548886,-0.19535860201784194
ITA,1973,-4.429657899656676,-5.85413711460869,2.13212809793386,6.925000250339508,-8.644615774356163,48.75596010736826,-1.7312347875781955,-0.12519064028807048
ITA,1974,-4.377376313166892,-5.821188385980913,2.1640829176781704,14.569999277591705,-7.9539265676944595,48.3308743843726,-3.661874673627213,-0.09539460595339411
ITA,1975,-4.403204452575389,-5.677269486377635,2.127693099945723,10.634999722242355,-11.410334631876351,54.528432885414446,0.26969595511215777,-0.14708849918345446
ITA,1976,-4.332344118299329,-5.647745944103608,2.1735279614073293,15.676666796207428,-7.027328052575642,54.14944390849536,-0.9164933364511129,0.0626648433355168
ITA,1977,-4.302002700689929,-5.5635819791360275,2.194123575023371,14.034999907016754,-8.241215507336179,53.19514184472184,1.2099674851684283,-0.0110534076200548
ITA,1978,-4.256865702572567,-5.387815010503129,2.2126252005639864,11.989166587591171,-10.951039391347853,57.248039511795014,2.3851109872759264,-0.005795637928503794
ITA,1979,-4.194157675171279,-5.305913695724121,2.2513623871786974,12.511666119098663,-11.22963159494254,56.09292676279145,1.3340513277332005,-0.11031622954995601
ITA,1980,-4.165719253714334,-5.181844587747738,2.2604377538600446,15.915000438690186,-12.555904781256448,54.01107501731375,-2.4552463031842553,0.05746926894600901
ITA,1981,-4.1494085093953235,-5.121981964118576,2.2525288949145583,19.702500104904175,-13.941439548250868,56.27516593080703,-1.7706883917250529,0.1842603971073733
ITA,1982,-4.135832449762553,-5.119336153478742,2.2381065032647114,19.43766623735428,-10.736796772816176,60.77468742769281,-1.0742133984329825,0.011128516777354935
ITA,1983,-4.121515552424146,-5.039156452620969,2.236691996475156,17.89480894804001,-11.676531761320353,66.78356488158163,0.7105052811149103,-0.007893646314006464
ITA,1984,-4.091697086718877,-5.013623352294253,2.262434866683332,15.367250144481659,-12.228190374040466,72.07357626396069,-0.20986433724431686,-0.0722388534401055
ITA,1985,-4.064923814873193,-4.926208587953575,2.274731312912836,13.711674511432648,-14.965253688412005,77.84038168623731,-0.1938038388155201,0.04077372194031903
ITA,1986,-4.020749642558224,-4.842722603461914,2.285479507046953,11.404166370630264,-15.915232225852007,81.8838524643858,1.4821401345371663,0.08321100189747055
ITA,1987,-3.977155980989756,-4.808465183455297,2.298836253250895,10.72937473654747,-15.43970230829291,85.73021670651578,0.6122079709827026,0.012503815240698657
ITA,1988,-3.9215843193267075,-4.744672462939159,2.3215207475214004,11.186400055885315,-15.585778163470506,87.38156645994803,0.23722280412662478,-0.04643013934947948
ITA,1989,-3.888620627308765,-4.815286337165847,2.3457571781734234,12.579633295536041,-10.46463497399686,89.7711133404574,0.18134290709930706,-0.1456289066361609
ITA,1990,-3.850416286182117,-4.775216729582026,2.348114299782418,12.378616631031036,-9.750314997886846,91.580877944842,0.3711675069230908,-0.02194572950365825
ITA,1991,-3.823404319734546,-4.766783539729548,2.342730754984745,12.536565959453583,-8.390302710584809,94.79407041566733,0.2626154407615068,-0.10687570028066751
ITA,1992,-3.823703005622703,-4.738467257253114,2.3452262661991026,14.317916333675385,-7.336030527349811,101.41493780309536,0.06777416356067098,0.03479098983783069
ITA,1993,-3.841199172575666,-4.774437456665508,2.347090006894439,10.580574721097946,-9.59970165056588,111.18033315474776,3.188411431501896,-0.07302521376168802
ITA,1994,-3.8272639274943527,-4.871626147349779,2.3763834528413375,9.165050089359283,-5.406181107632262,117.1308884394672,3.4485657162121797,-0.2541055827887655
ITA,1995,-3.803502793719597,-4.716878823785396,2.39968359522552,10.849591344594955,-7.583298702855798,116.82749011911706,3.8405592912647517,0.12179065866418415
ITA,1996,-3.7858030266265743,-4.766550640400138,2.397699608975814,8.462508022785187,-6.804883532025832,116.16577199675663,4.720600581950527,0.03750740250252371
ITA,1997,-3.762280627784208,-4.8201912139131275,2.409424030552425,6.333349645137787,-2.67220210265193,113.44760846819155,3.9221826347329114,0.017277584636483656
ITA,1998,-3.742969686917386,-4.924149560655292,2.408944642201931,4.592150077223778,-2.051033090792757,110.35482878700869,3.2229596308639987,0.03901276663899167
ITA,1999,-3.6924379276412136,-4.919384191008325,2.4121745524201654,3.0064333230257034,-2.029869391085988,109.3568298215505,1.8513644434176275,0.05817181887347056
ITA,2000,-3.6649870787633363,-4.934078519001201,2.4363785519335424,4.5278917998075485,-2.265542307292976,104.88658988582051,0.9202481907356729,-0.06652296577285521
ITA,2001,-3.6409264230938696,-4.891216713969878,2.43940163172375,4.051608219742775,-2.8947883381559354,104.53446590352496,1.3317774638366155,0.027068106629781985
ITA,2002,-3.6333663325001857,-4.905458198058742,2.4272556486536714,3.264300152659416,-2.829161133468549,101.64529144965664,0.9032564051234898,0.004456963422734939
ITA,2003,-3.6299604269174726,-4.916118791570534,2.415120743535759,2.1879833191633224,-2.7464104650399075,100.15686612764792,0.5195551250984782,-0.02611019832438366
ITA,2004,-3.6128084211805165,-4.909942672916604,2.4182645164591716,2.0795000717043877,-3.0180697215969774,99.69548736562398,0.6758225982032829,-0.0771280773996883
ITA,2005,-3.6073702934081306,-4.894740092849527,2.4170649637415518,2.1724000573158264,-3.6176166966594896,101.50090646753502,-0.05803960310793606,-0.08081806496508492
ITA,2006,-3.5911729568514867,-4.851370200672176,2.414253576262766,3.18271666765213,-2.8343771583554402,102.11856609420803,-0.7839121193018448,-0.07342493359382463
ITA,2007,-3.5722117443725323,-4.851941613361461,2.4115352480454257,4.035716503858566,-1.8357858160295453,99.2961773906488,-0.3529761899601453,0.08913300913388311
ITA,2008,-3.5924414002823513,-4.852600772781782,2.398188826960769,3.757699951529503,-2.5369124516990063,106.16400000000002,-0.7876903417073948,0.01743784885500843
ITA,2009,-3.6447507913238204,-4.806965666151147,2.3623887165396917,0.9549999609589577,-4.613835966630397,116.60999999999999,-0.6530329035383582,-0.053175971517250176
ITA,2010,-3.643991333528051,-4.834747365523916,2.3798197290877208,1.133333332836628,-4.103198985849383,119.19800000000001,-3.0782991453872026,-0.02602091901625414
ITA,2011,-3.6542463668305207,-4.874006956420017,2.38343795953517,2.785833366215229,-3.5322999318637773,119.692,-1.4005955278519724,-0.04882982008469994
ITA,2012,-3.7043810919870994,-4.880705239780857,2.367796197645506,1.8950000405311584,-3.457856937633298,126.493,1.1037648273130833,-0.02778490877541495
ITA,2013,-3.7267793630573265,-4.904687344093747,2.3665655612053866,0.8552500046789646,-3.0466569768072707,132.455,2.3989067626235996,-0.11534677400490545
ITA,2014,-3.7212133901070334,-4.8965810394254845,2.3668107043774396,0.42409999296069145,-3.2897760705751495,135.366,2.895541222175962,-0.07385753778093562
ITA,2015,-3.704430191141684,-4.8820314373012,2.369511143587799,0.04866666567977518,-3.1140752285763478,135.28,3.013788583113597,0.12526071445024511
ITA,2016,-3.6776236767309545,-4.855373632838302,2.3709402765201757,-0.17,-2.7572451914356226,134.784,3.288178679065081,0.02348962227910545
ITA,2017,-3.6654024805399907,-4.854306102909899,2.379648460076674,-0.34,-2.7959346600999457,134.135,2.863290691980301,0.0032096778695822614
ITA,2018,-3.6557584534866296,-4.8666865901439875,2.3812198132908753,0.12,-2.559005599666518,134.4,2.4035571589155444,-0.04831646584462512
ITA,2019,-3.6459079883171266,-4.8724021899438865,2.3847166276639586,-0.06,-1.7393082552493537,134.563,3.3258864438596185,0.4237328760562207
NLD,1950,1.794186154609001,0.4319304331708962,1.6101509140852397,2.8218740597367287,3.298969072164943,137.309,-16.25257731958763,0.04671146433824802
NLD,1951,1.7694943019905272,0.5225978129357524,1.6165797673695408,2.9117299243807793,2.8046511627906985,118.39199999999998,-13.813953488372093,0.04671146433824802
NLD,1952,1.799102581026162,0.4742728249724313,1.6302604953815685,2.980447933077812,8.839285714285719,106.85100000000001,-2.830357142857143,0.04671146433824802
NLD,1953,1.849074254719643,0.5723500237792363,1.6943922561171856,3.0113309621810913,2.983193277310919,101.49699999999999,-4.773109243697479,0.04671146433824713
NLD,1954,1.909500824294608,0.595701965212871,1.731581331973386,2.974371053278446,2.770676691729322,88.7129,-8.406015037593985,0.04671146433824802
NLD,1955,1.988008246473218,0.684270911993577,1.779315772240335,2.968144975602627,-1.343434343434341,80.1109,-9.333333333333334,0.04671146433824802
NLD,1956,2.0404351731493535,0.7057869853243984,1.791556482663583,3.0939320102334023,0.733746130030961,74.9714,-13.278637770897834,-0.47690863882219237
NLD,1957,2.0518925517278275,0.6582780160927622,1.8010674562039648,3.4804370254278183,0.8860398860398868,72.6475,-13.72934472934473,-0.5986430030837111
NLD,1958,2.0243684490683065,0.6433707701912083,1.7907646673737279,3.703587129712105,-0.9237288135593177,75.0332,-6.155367231638418,-0.6943670222728908
NLD,1959,2.065078364749147,0.707777587347416,1.8225920905502884,3.7385229021310806,-1.3333333333333317,73.4414,-5.296296296296297,-0.3199265263549731
NLD,1960,2.1448246908646302,0.7371717756408607,1.8799770131300406,3.7385229021310806,0.3231132075471713,66.7403,-6.7995283018867925,0.38338208255167716
NLD,1961,2.171450710533886,0.8349048270252392,1.8507883904466762,3.7385229021310806,-0.991051454138702,65.9269,-9.208053691275168,0.035491370987945636
NLD,1962,2.2079110711731222,0.8521640633411344,1.8812036740502216,3.7385229021310806,-1.3451143451143446,63.811099999999996,-8.56964656964657,-0.11194076815496157
NLD,1963,2.2433410840599426,0.9127097663972462,1.8861973768228357,3.7385229021310806,-0.48850574712643713,61.7248,-9.78352490421456,-0.0781817977899184
NLD,1964,2.3376242993886387,1.0227350740570178,1.93359170735378,4.026101157069206,-1.491056910569109,57.12969999999999,-10.12520325203252,-0.36136235283144824
NLD,1965,2.3784999308432284,1.1194215745735445,1.9547367172493544,4.7325000166893005,-1.9927219796215416,55.77369999999999,-8.334788937409025,-0.20100604590215632
NLD,1966,2.3953962858289355,1.150777632275253,1.9527505215218264,6.424999982118607,-2.3965287049399193,55.5659,-8.54739652870494,0.1530515204023981
NLD,1967,2.4440013013352546,1.2333639729920645,1.9815139599467633,5.6716665625572205,-1.9368165249088733,55.0112,-6.659781287970838,-0.2670008856792174
NLD,1968,2.500489500031038,1.3143752834508573,2.0124085539638554,5.190833285450935,-3.1008771929824572,54.4091,-5.666666666666667,-0.02740631694339779
NLD,1969,2.642748118067987,1.3182079075437119,2.0235400862676327,7.75500014424324,-1.5200976517242417,51.6509,-5.069617556959433,-0.36269304887266207
NLD,1970,2.708680725630028,1.3114556031383358,2.069080015142509,7.954999804496765,-0.43862155590268026,49.4,-6.592520478012442,-0.027406019491307276
NLD,1971,2.7456260980914062,1.388843977615345,2.096610475542446,4.8500001430511475,-0.2468075461534136,46.8,-5.11382470279222,-0.02028953522878263
NLD,1972,2.7738855147312242,1.4263901941002601,2.1074956281049033,1.926666684448719,0.7071850333738258,44.3,-2.9949210383177767,-0.1155427500162256
NLD,1973,2.823786187436151,1.4739476281434576,2.153424610133519,6.435833126306534,0.9623759845894828,41.1,-2.013697894776657,-0.04952558815702757
NLD,1974,2.850729741758511,1.519887757968986,2.1966470999512415,9.204166382551193,0.6743800308104347,38.1,-1.9311616296039837,0.19038846710277335
NLD,1975,2.8440561385260668,1.6450447068581706,2.207444628719884,4.167500138282776,-1.38210010634093,38.7369,-1.0748434338943424,-0.15495067919950634
NLD,1976,2.8771216282649177,1.7171465843070033,2.244559728433372,7.280833274126053,-1.7105329416322057,38.5313,-0.5857500411289863,0.26554807270242176
NLD,1977,2.897028398683043,1.7136929468255389,2.2614725618009075,3.7941668182611465,-0.048108513319788375,38.3745,-2.3781221349358743,-0.2073869914633275
NLD,1978,2.927197165526349,1.7975687920315964,2.2773880705914573,6.238333508372307,-1.7661646311567847,39.505,-2.572608203416424,0.09316229763531769
NLD,1979,2.9376794455303843,1.8371764875119503,2.2823962331731713,9.031666815280914,-2.286062623522667,41.223,-2.2925106998259666,-0.05593426203344887
NLD,1980,3.019171339516084,1.8588530519875928,2.294636002139176,10.125000029802322,-2.754610861217563,43.4897,-1.788816271699127,0.07882087612685362
NLD,1981,2.9941064642199913,1.8579015008264022,2.2827732433644994,11.011666804552078,-3.480258618212731,46.8321,1.5723326708909875,0.27835114747987166
NLD,1982,2.97231852368776,1.8721983702896248,2.2819861217563964,8.061666786670685,-4.594902298082397,52.3629,2.1043726367782125,-0.29288584501483994
NLD,1983,2.9790446491803686,1.8770864382606733,2.3110529215247073,5.2841667085886,-5.702747725948282,58.3357,3.4903700946034877,0.013139672587128448
NLD,1984,2.987455295855602,1.8769906081798982,2.3348024142291792,5.78249990940094,-5.242655989330599,61.779300000000006,4.040463710863588,-0.09350629643831221
NLD,1985,3.0045849661119335,1.8742786777416405,2.3501606957114354,6.304166465997696,-4.186105904691261,66.991,3.2904673940840357,-0.04309833495970494
NLD,1986,3.0298145875183513,1.8907850519928355,2.3622549645089066,5.6816671043634415,-4.618782430985699,68.7662,2.4866340245295335,-0.011652608005167764
NLD,1987,3.045733774150479,1.916185288914528,2.3704058969977084,5.359166860580444,-5.360066572681753,71.0982,0.6351028928992453,-0.1025577095268031
NLD,1988,3.0742992780572633,1.8988833931987457,2.386974290158894,4.81666699051857,-4.644248953286005,73.6163,1.4166840047163451,-0.09350556295061496
NLD,1989,3.114971288854237,1.9181137262251293,2.4059395773910075,7.388333231210709,-5.096528516852481,73.6692,1.3692495729574077,-0.1483840204044542
NLD,1990,3.140138831304977,1.9866808729800973,2.42075859806482,8.682499825954437,-4.7722381340520155,73.8339,1.6224480888857422,-0.12048835416300419
NLD,1991,3.1565746056902024,1.9905516467372861,2.4288277757115155,9.281667321920395,-2.777321129451106,73.5715,1.9345358574554774,-0.035528934629399433
NLD,1992,3.1584391843046182,1.987257901026977,2.4254622833326627,9.35249999165535,-3.96795179010584,74.3155,1.548335124058655,-0.18517318785448378
NLD,1993,3.1546432526080332,1.96497675022079,2.4330927601038104,6.8541668355464935,-2.1793787848312793,75.4013,4.042111487576548,-0.11476843300310557
NLD,1994,3.1701919161917878,1.8944653571454446,2.447929432352757,5.176667124032974,-3.0415234472980828,72.7694,3.709131487736087,-0.1443233984892076
NLD,1995,3.1905532632341496,2.086830028778315,2.4405869751249227,4.372499883174896,-8.028900278260767,73.0925,4.289986749170308,-0.034187910005964106
NLD,1996,3.210302234152924,1.9159371337572766,2.4470609680910194,2.9975000768899918,-1.537033006891544,71.3419,3.7343955628675887,-0.09636863573839394
NLD,1997,3.2554600805957277,1.9568434579668463,2.4680539454540207,3.33416685461998,-2.361765200002169,65.765,4.024737846518436,-0.07964704647979293
NLD,1998,3.2978950220712684,1.9509803599508646,2.491314644083566,3.4549999982118607,-1.5985493095271306,62.665000000000006,3.098818422359675,0.011217266621573074
NLD,1999,3.3330846526285156,1.964683457649709,2.513240603199847,2.9634999111294746,-0.8601555813559797,58.565400000000004,2.3553033719827483,-0.1363304181276812
NLD,2000,3.377923893508255,1.9778830373429623,2.5386678929199404,4.391767084598541,-0.22654516412356343,52.0653,3.494912468793179,0.0013299955442109823
NLD,2001,3.385196200238983,2.0207234693146914,2.5436355984395047,4.261783137917519,-0.2627204641809866,49.4398,4.774926381511675,-0.01319867437601574
NLD,2002,3.3800291308748545,2.028566439331463,2.540858733537575,3.3185921609401703,-1.0869283249889725,48.7843,5.413456592978916,0.01639416926204862
NLD,2003,3.3748162226673917,2.05521285861901,2.5434172903031054,2.3334670811891556,-2.621828747489328,49.9782,5.323473409626285,-0.01725716149634504
NLD,2004,3.3868704032439747,2.0288930172009594,2.5550235219572133,2.106332965195179,-1.559270413349305,50.28320000000001,5.179304952452287,-0.029856759911036646
NLD,2005,3.4066081672216053,2.0311842338820987,2.571811196022565,2.184683084487915,-0.01524824690542275,49.79860000000001,5.709990867640268,-0.004317262088284979
NLD,2006,3.4444268368615094,2.071188694056429,2.5863588489501343,3.0792249366641045,0.5623167381181218,45.194,5.59830159224002,-0.039640265613142045
NLD,2007,3.481442624945357,2.1127294524620335,2.596878573147401,4.277608171105385,0.2385451491512817,42.9812,6.053749374162188,-0.049774771528531936
NLD,2008,3.499322660129694,2.1448258606202457,2.598245925554558,4.634232819080353,0.26359784795379304,54.6867,5.33978782381899,0.08870982535986704
NLD,2009,3.4495696791569763,2.2045498203201443,2.5633692449813608,1.2283580377697945,-3.0254048223390884,56.767,5.656309915146551,-0.06828113465762553
NLD,2010,3.4576283314257092,2.239971626181904,2.5761690182897112,0.8109582588076591,-3.845822896898717,59.2468,6.201315108098253,-0.04026751994138689
NLD,2011,3.445686353723156,2.1599958341120535,2.581217855813253,1.3906000182032585,-2.669448719860873,61.69559999999999,6.832687792434641,-0.05173592709945796
NLD,2012,3.4174521076286517,2.1249985821276494,2.5724140789682575,0.5731834098696709,-3.0232814572274833,66.2139,6.166630421798382,-0.06831653074437849
NLD,2013,3.4006525217024826,2.0717485396526825,2.574042851951494,0.22066670935600996,-1.3596522439561316,67.6557,7.078821977915492,-0.009597536107760707
NLD,2014,3.411196546176746,2.080389127783977,2.5806380388202004,0.20993330981582403,-1.069748049318003,67.8468,7.592471260944663,-0.029750944438848403
NLD,2015,3.4318346154862414,2.1187791219702565,2.5910965535983146,-0.019366669584997,-1.873601465490256,64.6321,6.7809358732072695,0.026639265396187106
NLD,2016,3.4523474259849882,2.1209798254869634,2.590148043493452,-0.2637,-1.1279941609714004,61.92770000000001,7.675442621238194,-0.007285123011965267
NLD,2017,3.4746180820437402,2.100327587103599,2.5981588818827475,-0.3291,1.0327225237283597,56.940900000000006,7.931899651288499,0.05892714018528844
NLD,2018,3.5004023149120536,2.1318123589223763,2.5980685568684816,-0.3221,0.8184891994309967,52.4204,7.312784323250902,0.09566680536367911
NLD,2019,3.5174403339608666,2.161761418312071,2.594033447242722,-0.3563,1.1620370085664573,48.5292,6.8101173967320845,0.11426876571744482
NOR,1950,2.2615544179920666,1.0185759966068435,1.4760444728246487,1.4999999664723873,-1.9543378995433798,28.98,-12.52359208523592,0.6797546548886193
NOR,1951,2.324580672119827,0.8317083509550324,1.5196438634125775,1.4999999664723873,2.0287446226046133,24.11,-8.990027375831051,0.9600682692639384
NOR,1952,2.3268385750673413,0.8243111199250048,1.548617670024589,1.4999999664723873,-2.8009218223719214,21.6,-9.750044318383265,1.0695126219329376
NOR,1953,2.311044252590511,0.767798579671009,1.5797902721442525,1.4999999664723873,-0.7472469847928666,23.82,-12.593952106275127,-0.0732035102442028
NOR,1954,2.338428494733687,0.7804148847947106,1.6175486172785078,1.4999999664723873,-0.5643795855841317,24.08,-12.537289365476095,-1.0792409375961687
NOR,1955,2.381561372099688,0.8232650895347616,1.628737666251109,1.899999938905239,-0.8265089475280583,26.77,-12.340764331210192,-0.40413519247460883
NOR,1956,2.4553495042473688,0.8899086929637933,1.6699425242759236,2.1400000900030136,2.4842841294920515,27.02,-10.542239553568427,0.06534068680063498
NOR,1957,2.4849471470747417,1.0243632322251077,1.6905235993032126,2.160000056028366,-0.05035405192761607,26.900000000000002,-10.184107002360346,-0.08056118838301973
NOR,1958,2.432995004709217,0.9809562618656946,1.6893211138837487,2.15000007301569,-1.2500391616278712,28.76,-12.66956984867947,0.0698035574825111
NOR,1959,2.4644721407420924,1.0345237577208912,1.7197417995619346,2.15000007301569,-0.10899664172509674,29.270000000000003,-10.78182996523891,-0.3753767929415206
NOR,1960,2.4268440688058037,1.077314842486427,1.7596895373307389,2.190000005066395,2.035815838828726,29.78,-12.568818440317019,-0.19623124079684828
NOR,1961,2.480446649235869,1.1343196399201652,1.8087131967882293,2.2700000554323196,2.287726692917752,27.68,-13.562753036437247,0.23731355267546972
NOR,1962,2.49562193297992,1.191651030340994,1.8275821325356265,2.3900000378489494,1.2125736941018974,26.740000000000002,-12.725587621965348,-0.03309058681994381
NOR,1963,2.5326952416653308,1.2456683064158334,1.8576665543018935,2.4399999529123306,1.549829662684129,25.28,-12.832877501079603,-0.08926333851550083
NOR,1964,2.5653710389068105,1.2870648005019893,1.8872095485930411,2.4900000542402267,2.384536509806485,23.73,-10.799136069114471,0.27877253472632146
NOR,1965,2.6140821909516063,1.3601021777453628,1.9409643162019437,2.590000070631504,2.1517710578881792,22.639083915115794,-10.834009058006844,0.17002331136378546
NOR,1966,2.6496623827895553,1.436028142005069,1.962749199049388,2.630000002682209,1.8142501099545545,22.2529687729072,-10.997287787714411,-0.0553970166027411
NOR,1967,2.6879857321456546,1.5352727208085826,2.0103603352749366,2.749999985098839,1.8442211055276345,23.10217755443886,-12.087102177554438,0.09528032318455049
NOR,1968,2.710245389605171,1.5941315465521009,2.0313333855083555,2.810000069439411,2.7780827934555816,23.09055828326719,-8.61189979450658,-0.003590637903148952
NOR,1969,2.756821228478567,1.6845101587547306,2.076785128428888,3.4800000488758087,2.291912760379154,22.795240427554813,-7.591690915900775,-0.13141300863477579
NOR,1970,2.9258482008822098,1.7556409787083433,2.082153271132668,3.840000182390213,3.653446957281763,20.762353044683216,-9.717032666885174,-0.08133508580142834
NOR,1971,2.975796061886596,1.8836354084999751,2.1282851199857946,3.8199998438358307,-0.34111781684597475,21.199068000704873,-10.409438564778371,-0.10003843739324347
NOR,1972,3.004102418529174,1.9368991143873906,2.1719003449333734,3.8100000470876694,0.6479424983823329,22.627988153162683,-6.280932477571222,-0.15786084646948595
NOR,1973,3.052894918346102,2.0162934838614364,2.204788902901637,4.0300000458955765,-0.14931346591959124,22.91665049410413,-6.89304845760729,-0.09806977841811637
NOR,1974,3.1028462639150387,2.0371741595114377,2.2284729489641557,4.439999908208847,-0.8013086933680832,22.79828591386583,-7.862799992020163,0.1728949407508602
NOR,1975,3.120278767029429,2.0867144013554246,2.256867046433639,4.670000076293945,-2.1070823804619203,24.135378541760907,-7.345402068094664,-0.08440050171031466
NOR,1976,3.1599491774408004,2.1112241808996,2.29619328860313,4.859999939799309,-1.5271340359679593,30.943390394551795,-8.77171513213916,-0.02585297571070999
NOR,1977,3.1882581220370967,2.0659475535711858,2.3152849736308987,5.090000107884407,0.22627710799753778,35.16408626249228,-9.646645668151045,-0.2568578768275467
NOR,1978,3.204748520851156,2.1298034585728747,2.340225604597719,6.32999986410141,-1.0410516302565098,40.24649084261232,-1.2649248835531064,-0.07477301544781323
NOR,1979,3.252970113144091,2.1814490815474272,2.3704790388336288,6.870000064373016,-1.4620893680756066,42.4,-0.3017835706348233,-0.14752704480536005
NOR,1980,3.3143012912136967,2.220118678222045,2.385719912217726,7.129999995231628,-1.9492332199108313,39.2,2.5355112966925244,0.0049532839761390335
NOR,1981,3.3197611365336246,2.226337915764835,2.385241388645807,7.590000331401825,-1.576382211044541,35.4,3.9935563938818617,0.12061995355686639
NOR,1982,3.3109327124906787,2.2361920000959348,2.381269738076644,8.060000091791153,-2.565015767019106,31.900000000000002,3.336177579917146,0.05037942523659478
NOR,1983,3.333128349029019,2.2559696945794814,2.4142192467981327,8.380000293254852,-2.7182941664424223,29.5,7.336480917677251,-0.2505371809875303
NOR,1984,3.3884203593057625,2.276939486224393,2.458378171807389,8.720000088214874,-1.5048787133306765,29.9,8.081763365621162,0.25156588103683664
NOR,1985,3.435056921570266,2.3091736728242167,2.4848490263462355,8.980000019073486,-0.2578226962208502,32.5,6.78696021706893,0.012416786607249986
NOR,1986,3.396350013818377,2.3448986808525016,2.493913131445562,9.4200000166893,1.871929309020416,40.9,-2.7847805427959162,0.16990740728971154
NOR,1987,3.395115701451414,2.3701292841024455,2.4985515944215293,10.890000313520432,2.3746406772986806,33.9,-1.1810198858042922,-0.13756934039962188
NOR,1988,3.369879489873836,2.39050080786489,2.4881569968146553,11.140000075101852,2.175628384361016,33.0,-0.7431288812861023,0.016565175131050047
NOR,1989,3.386135316358871,2.4212166909760464,2.5113405809426426,9.300000220537186,0.6712905797766108,33.0,3.3537716878223627,-0.023328360499012657
NOR,1990,3.3986275217917257,2.467003662350591,2.533461608082638,8.950000256299973,-0.5275651454938216,29.5,5.545168431440535,-0.13644087064164623
NOR,1991,3.41260966868671,2.491924334540308,2.5665497361723033,8.699999749660492,-2.3379703754143546,27.800000000000004,6.97834542271927,0.20961949127891222
NOR,1992,3.412399697911702,2.5195615494758816,2.593681928194792,8.649999648332596,-2.8310414675811955,32.4,6.9418873363809555,-0.27355190183319644
NOR,1993,3.434706355581236,2.508390675854562,2.6130996770083574,6.419999897480011,-2.3276829553425276,40.8,6.5038578442833765,0.04336261942446251
NOR,1994,3.462869326547705,2.514997672266114,2.64831975544118,4.039999842643738,-0.560606212586781,37.2,5.741254041547273,-0.3695237397582103
NOR,1995,3.504291107367834,2.5769555576860412,2.6765115036876255,4.019999876618385,3.18401368878774,34.8,5.944821227588555,-0.14441533922358252
NOR,1996,3.5774875422136527,2.5959491185335133,2.7077682803162837,3.709999844431877,6.321676146842053,31.4,8.572455310115043,-0.14699085096732345
NOR,1997,3.625437846515633,2.59941897841368,2.7342380048891317,2.7699999511241913,7.568140160024667,27.9,7.902138218420011,0.1397763528580067
NOR,1998,3.6137199214411644,2.6324045313521416,2.734467545607232,4.069999977946281,4.537943864813381,26.8,1.8926368131830342,-0.1179473596895031
NOR,1999,3.6682220026867833,2.656519166008423,2.73904777604598,5.059999972581863,6.61254119258814,27.9,6.992093709335776,-0.33345683136486515
NOR,2000,3.8060270959948506,2.6931327925679387,2.7675668622492524,4.890000075101852,15.402911204288513,28.360469363189384,15.058383312987633,-0.002191784112824502
NOR,2001,3.8083764287547583,2.7127921978704643,2.7920886029309337,5.810000002384186,13.881263943847436,27.42280987476633,15.096176589039256,0.3730874182449271
NOR,2002,3.788971237282505,2.842967882633806,2.804407336330939,5.559999868273735,8.990602358699068,34.206337241819035,12.589187907983831,-0.1059146049262103
NOR,2003,3.797469389410582,2.8374804371277,2.823365274295347,3.709999844431877,8.20794016181489,42.04679180788869,12.322123959342619,-0.1269697225424804
NOR,2004,3.8842831347170197,2.8720822180555614,2.843479418934515,1.3799999840557575,11.453152516516921,43.61025597725256,12.831824657042546,-0.26655010343530683
NOR,2005,3.974966462562857,2.903772460773537,2.851777326353158,1.3799999840557575,14.789923567455112,42.333265438328624,15.633294639671556,-0.13121664519916965
NOR,2006,4.055767915460841,2.9565242009476993,2.845607875238902,2.019999921321869,18.01287720184812,53.311708261456104,16.74789741553566,0.014504050046768135
NOR,2007,4.103440786856393,3.0047799898825036,2.8316711954651836,3.4699998795986176,17.554602433015475,50.30857431736967,13.890314317687656,-0.08883836138206624
NOR,2008,4.1666524043244655,3.0314860393698226,2.8004651118682973,4.9800001084804535,19.675193414880194,48.091685892572954,17.209724251943737,0.22657608258061845
NOR,2009,4.062615793621486,3.0697396994750394,2.783055137141676,2.4299999698996544,11.235175912504937,42.83958561576272,12.392278297535908,-0.0892818442612664
NOR,2010,4.090537946587587,3.070682856499401,2.78029944668667,2.0899999886751175,11.765130350224581,42.306,12.380377236173924,-0.06510040352026336
NOR,2011,4.139227951513805,3.1038986650305986,2.772083561719331,2.3600000888109207,14.051735250726898,28.843000000000004,13.963826861652606,-0.049337555289773904
NOR,2012,4.178729754225768,3.1288878689243766,2.7784943485900775,2.4000000208616257,14.33184325500582,29.994,14.429176295946425,0.012062185279700932
NOR,2013,4.181708253554641,3.1534824897246736,2.7772591365165114,2.2600000724196434,11.45316844771785,30.351,12.659692239566036,0.05702724636683909
NOR,2014,4.172360299343877,3.1903631497796447,2.779702571341419,2.1299999207258224,9.39270442974901,29.859,11.034701239489177,0.035843844900240285
NOR,2015,4.131916200845581,3.21698336018503,2.7855514620108397,1.4100000262260437,6.345619172208528,34.544,7.064223427199414,0.11922056333181819
NOR,2016,4.083890594665153,3.2103668039185487,2.7864309943896046,0.76,4.479415134838529,38.126,3.955360457046947,0.08780944995320161
NOR,2017,4.120066676950621,3.2276305223994317,2.8005022989479675,0.72,5.366543463879736,38.636,5.440616863609053,0.010144088833438536
NOR,2018,4.161893266521455,3.2281489849316305,2.7899587145115055,0.73,8.425926447001887,39.658,8.158389375052758,0.1284380034009247
NOR,2019,4.138294151793896,3.249712568817609,2.78309736630565,0.93,7.564768291350125,40.88,4.39261424299914,0.12224831421008608
PRT,1950,0.6793884162380881,-1.6316007538101434,0.8919408692498524,1.3749999925494194,-0.39278383072793377,20.732670140533713,-5.0232906995105004,0.04821993953095571
PRT,1951,0.784127090768001,-1.5617455511628804,0.9215337302590649,1.3749999925494194,0.11680613668061436,19.208507670850768,-3.3350767085076707,0.04821993953095616
PRT,1952,0.8010886401582293,-1.5303346313233455,0.9102839591832282,1.7500000074505806,0.3050547053410139,18.973039299226286,-5.4142949657452535,0.04821993953095571
PRT,1953,0.7912724313703663,-1.455486743243181,0.9638199465191384,1.7500000074505806,0.03898767650399362,18.84969403149526,-5.512518434390521,0.08823865116741825
PRT,1954,0.8359762935703583,-1.425339363303075,0.994934634718453,1.7500000074505806,-0.23815612812480136,18.62412889201458,-4.715171664215843,0.027625424235488527
PRT,1955,0.8408766521360979,-1.3724128370063884,1.0207073026879943,1.7500000074505806,-0.4675538985744187,17.855669473008696,-5.230186257582472,-0.12296983688922536
PRT,1956,0.8570812031126414,-1.3906070137052253,1.048101924413644,1.9999999552965164,-0.038602862330756944,16.75221251590581,-4.955463734755444,-0.014274300125053596
PRT,1957,0.9095872064170335,-1.3172846619242302,1.095092062596656,1.9999999552965164,0.025589225589228156,15.803367003367002,-7.026262626262627,-0.025692928719696084
PRT,1958,0.9517759024843658,-1.285565345568487,1.0717672727201113,2.125000022351742,0.030306474220556975,18.676364738417245,-5.066232273869505,0.15689144316318648
PRT,1959,0.9899364611665734,-1.1907201925892652,1.1066944024624197,1.9999999552965164,-0.7055995811617983,18.24087956021989,-5.424668618071917,-0.04141667174555508
PRT,1960,1.0169086625532595,-1.068596577615736,1.1521880889667535,1.9999999552965164,-1.530440254399172,18.17425893880486,-6.092545564869542,1.3318310000243971
PRT,1961,1.0602186709589725,-0.8915587562592978,1.195027683038194,2.250000089406967,-2.3929280718418084,18.944823417666868,-11.908513945255159,0.3391718570490099
PRT,1962,1.1773887149913995,-0.789836162108957,1.2450998721793771,2.6249999180436134,-2.3618336907498048,20.698741188802448,-5.662246242318751,-0.27088442877222274
PRT,1963,1.1775263599179746,-0.7679464231900067,1.2888566158202452,2.6249999180436134,-2.608946555222546,23.01885738751652,-6.592639475790689,0.15570803960289759
PRT,1964,1.2072902916052866,-0.730958031962089,1.343269924421534,2.6249999180436134,-2.6726458937115227,24.245022550717678,-6.580007888463979,-0.29788411212638977
PRT,1965,1.3259391564112404,-0.737077117694497,1.4056447912370003,2.9999999329447746,-0.9175934729254648,22.530789130386715,-7.337799691924441,0.039282594519915115
PRT,1966,1.3681567878079701,-0.681594286396095,1.4366741566542043,2.749999985098839,-0.6263293097257121,22.382813578985168,-8.206502223572633,0.6108944445618398
PRT,1967,1.441415232856396,-0.5572957755640696,1.4970977472725,3.2499998807907104,-0.7434485904683237,20.43682228126522,-7.325372803097086,0.039025394941834435
PRT,1968,1.4987656054480432,-0.4883093222577675,1.570139865073035,3.500000014901161,-0.7883396415705232,18.98399379816681,-8.468808427196862,-0.3637989637825836
PRT,1969,1.5446262725549909,-0.40306520914195104,1.5805517616229143,3.500000014901161,-0.5695190432930106,18.584277661784316,-6.755069622640507,-0.0011359387190470471
PRT,1970,1.6219755262864166,-0.30842623433887717,1.6248012229052686,4.500000178813934,0.1398581640437379,18.2041646653293,-5.694197064195787,0.19388516100411657
PRT,1971,1.702633260267755,-0.22797754428729708,1.6619096295948437,4.749999940395355,-0.7405357898505905,17.383467335047687,-5.922025077647131,-0.2707216021595382
PRT,1972,1.8368532418896402,-0.19738763192732856,1.7240732039829418,4.749999940395355,-0.46349891817285616,16.03662637305789,-3.755175821514759,-0.5814816717666398
PRT,1973,1.9587978797485475,-0.09179480164103254,1.8140941973417652,5.249999836087227,-0.6558728154959618,14.2698,-5.5677751969825575,0.8627172938837457
PRT,1974,1.8082154631361984,-0.16462818098815593,1.7551051392592156,7.750000059604645,-2.178578833883735,14.1872,-12.110692744686878,-1.2471718029451835
PRT,1975,1.7103611197126434,-0.052506689539288734,1.660268963823716,8.500000089406967,-5.348546066271199,20.1366,-9.778179536301579,-0.7367611023631433
PRT,1976,1.7180765693077829,0.10400562887000954,1.7073690200462155,9.49999988079071,-7.271420785356298,25.7664,-10.59618963362408,-0.2881381065475961
PRT,1977,1.7176888999780298,0.05480829309029765,1.7514468173589959,12.540000677108765,-5.566316011551798,28.234900000000003,-11.87642999005467,0.023676167813864613
PRT,1978,1.7062895076739104,0.11647782589324225,1.7720942462534086,18.42000037431717,-7.443522253807577,31.4037,-9.816932084438688,-0.06526414610737152
PRT,1979,1.7201945699137096,0.15880403112452562,1.8125891992877314,14.869999885559082,-7.892186160711802,35.2141,-8.580305993826332,-0.001895957853534913
PRT,1980,1.7805530671849858,0.2730431107398613,1.8322689274553317,9.950000047683716,-7.630783921853581,31.0468,-11.594112485074447,-0.024051071462719342
PRT,1981,1.802326595469685,0.39472383256173743,1.8380056284210051,9.239999949932098,-7.684177915392555,39.3043,-15.207910998612148,0.0324597014651582
PRT,1982,1.8084244775551273,0.38100949518607324,1.849622778994845,12.417499721050262,-7.399172218828017,42.9874,-14.686036524361706,-0.1258568008258254
PRT,1983,1.7982596433119282,0.3884976318794897,1.807471762595181,18.244199454784393,-6.04613146465302,46.6937,-10.104781247361249,-0.04795333259063295
PRT,1984,1.7454054166861805,0.3489067972102025,1.783299680184124,21.273300051689148,-6.975542466787697,51.2628,-6.334869571000431,-0.017780031365270732
PRT,1985,1.7895852515488981,0.443761043056122,1.8108052774100574,20.166699588298798,-9.171149234271436,59.392900000000004,-3.2868326568199078,0.07228207710078016
PRT,1986,1.9036617339309652,0.5226685739777441,1.8481737329696648,14.522500336170197,-7.838834532964081,59.7698,-2.251025680099141,-0.056523375085957284
PRT,1987,1.9733286880669392,0.5511661639879637,1.87990576482082,13.692499697208405,-6.262808142052626,57.21660000000001,-5.15583798479837,0.026124388684517497
PRT,1988,2.056029668345603,0.6105722394034864,1.925468605946997,12.968333065509796,-5.199078737549849,56.810300000000005,-8.212834224413387,0.0020761780043216937
PRT,1989,2.0994873838856094,0.6752012099943993,1.9538437381979248,14.827272295951843,-3.710575148040361,55.3556,-6.221583674662053,-0.04667451903865438
PRT,1990,2.1360257139812484,0.7133694994101548,1.9708716567584483,16.90250039100647,-5.244830032502705,56.0191,-7.005036956066619,-0.01087334376907756
PRT,1991,2.167285319081196,0.792108165703373,2.0090202803320047,17.737500369548798,-5.216351449208317,58.51080000000001,-7.543881138264245,-0.024710681637130083
PRT,1992,2.2003587956841186,0.9172524076118578,2.027085512961897,16.705749928951263,-5.202895623118296,52.5534,-7.647143863444219,-0.018737034220980053
PRT,1993,2.18387293216451,0.8790487126479856,2.009640961230776,13.245083391666412,-6.782145252767951,57.3899,-7.221709883318311,-0.105294307414727
PRT,1994,2.2070466805059055,0.8508422378305284,2.009571660566366,11.106666922569275,-4.821301763274949,60.2306,-7.168354281913041,0.0259451152332435
PRT,1995,2.238743205490971,0.8817847458831535,2.0249441863201616,9.786666929721832,-4.243164551673394,62.214800000000004,-6.375978073014773,-0.10551756039950777
PRT,1996,2.262774011168692,0.9623558508734492,2.039941137058188,7.366666942834854,-5.8112558780010595,63.3122,-7.114893435896613,-0.060092707479894925
PRT,1997,2.3166202154822013,1.0583550417831962,2.0587341416375105,5.741666629910469,-6.423273494835387,58.7155,-7.99855371295111,-0.11852891178457581
PRT,1998,2.3724921583761036,1.0249388411026357,2.070443525221664,4.308333247900009,-4.016940659198554,55.615700000000004,-9.169904107104047,0.0032512456982360938
PRT,1999,2.4167982413555067,1.0343150649501889,2.085473627933933,2.9634999111294746,-3.067641110236926,55.4056,-10.352557161884327,-0.019233976338487002
PRT,2000,2.455147733039638,1.1042406723041374,2.091903057507889,4.391766712069511,-3.837575848191483,54.19310000000001,-11.046268954260583,0.038025891445623516
PRT,2001,2.4627954362650613,1.0608012333071855,2.0928201715928654,4.2617835104465485,-3.728963358497512,57.3802,-10.22058552752716,0.01975071189717914
PRT,2002,2.470650260342981,1.133960692461235,2.088804984013288,3.3185917884111404,-3.8525670569039376,60.0437,-8.160937972407705,-0.03123229193480581
PRT,2003,2.458732707942118,1.0722747109001487,2.0788966264295152,2.3334667086601257,-3.421011734953402,63.8973,-6.340427294429508,0.07251120520671472
PRT,2004,2.4711790443389976,1.1768380131395975,2.0914629032793153,2.106333337724209,-6.867067240115489,67.0995,-7.870269901030158,0.08770032320362398
PRT,2005,2.486688182862819,1.1696345296288557,2.0943222039911924,2.18468327075243,-6.129823080906216,72.2491,-8.775832893416508,-0.08170657017385463
PRT,2006,2.5004121606571887,1.1495669274620013,2.1050240728493663,3.0792249366641045,-4.402127985901644,73.6794,-7.795981005710914,-0.1341771309857367
PRT,2007,2.5269830529532085,1.1849010373159672,2.116840781592129,4.277608171105385,-3.8191646617286845,72.728,-7.557748482192618,0.03803864426803227
PRT,2008,2.518028022801238,1.16146654198686,2.115657240871066,4.634233191609383,-3.119995890628173,75.6425,-9.553583751901147,0.11811701997077928
PRT,2009,2.503395857601244,1.2234101625193858,2.0968028320968184,1.2283583171665668,-8.199347381430696,87.7991,-6.905209547111896,-0.047910767435173085
PRT,2010,2.512737927545865,1.2452052772095645,2.1184227875453834,0.8109583519399166,-8.209417251078444,100.2145,-7.644676712090812,0.0037686116644606305
PRT,2011,2.459464277879776,1.174646609787262,2.11945655569453,1.3906000182032585,-4.123314415643271,114.4031,-4.189820109690038,-0.08609014735210851
PRT,2012,2.390854119342898,1.1519399185658243,2.11186795128094,0.5731833167374134,-5.385761719260635,129.0351,-0.49480913345328026,0.0357412084623312
PRT,2013,2.4049687583288613,1.1556673968346258,2.1194718966600705,0.22066666278988123,-4.554457884608281,131.4298,1.0985751262666923,-0.13289005877782167
PRT,2014,2.4268470248166656,1.153921880605039,2.1155147544088093,0.2099333330988884,-4.16460324165274,132.9407,0.1496281212132476,0.022245420749142264
PRT,2015,2.463687313738362,1.15374452451696,2.1212426423852397,-0.019999999494757503,-3.119414711885378,131.1792,0.739336342572501,0.21307671504533765
PRT,2016,2.4974559337842717,1.1883043965159361,2.127598624097033,-0.2637,-3.2883299783687887,131.5057,1.1474177139983046,-0.3021649898794656
PRT,2017,2.5340045137754603,1.176202039639775,2.143287628267444,-0.3291,-2.442290576236858,126.1434,1.0093923260960147,0.10163906004690881
PRT,2018,2.570016151381765,1.1891126231752287,2.1494510395397946,-0.3221,-1.7867856232524921,121.48140000000001,0.4626771762529346,0.03247868168484125
PRT,2019,2.6106452954724677,1.2296425747715634,2.1656441598237954,-0.3563,-1.837717714691946,116.6078,0.4521263246671916,0.05217861011771885
